"actorId","phase","currentBoundary","pointer","targetIds","startUtf16","endUtf16","text","coverage","work","deterministicOperations","prerequisites","residual","expected"
"archon-devers","initial","initial submitted frontier","/rawText","[""crew"",""ship""]","0","13","在晨间点名后召集值勤军官，","fallback","召集/派遣/接触","[]","个体或执行者身份、通道、可用性、旅行/接触时序与自主响应成立。点名是前提；军官不是自动绑定的统一心智，昨日明细需核查。","群体不是心智；请求、派出、到达和执行不能相互推导","形成实际召集、逐人核查结果和重申记录；处罚授权与私人交易的否定约束保留。"
"archon-devers","initial","initial submitted frontier","/rawText","[""crew"",""ship""]","13","37","逐一核对过去一昼夜的疲劳、伤病、值勤与武器状况，","fallback","观察/核查","[]","合法访问/感知依据、具体既存资料或已裁决的现场证据。点名是前提；军官不是自动绑定的统一心智，昨日明细需核查。","未知细节、发现过程、比较结论不能由事实可见标签自动产生","形成实际召集、逐人核查结果和重申记录；处罚授权与私人交易的否定约束保留。"
"archon-devers","initial","initial submitted frontier","/rawText","[""crew"",""ship""]","37","64","重申处罚与豁免必须由我和记录册承认，不由私人交易决定。","fallback","表达/请求","[]","发话者有依据，实际接触和通道/时序由规则或裁决确立。点名是前提；军官不是自动绑定的统一心智，昨日明细需核查。","发出内容不证明送达、答复、相信、服从或后续任务完成","形成实际召集、逐人核查结果和重申记录；处罚授权与私人交易的否定约束保留。"
"autarch-elana","initial","initial submitted frontier","/rawText","[""field-commander"",""tribute-officer"",""headquarters""]","0","38","我派人分别召 Rinisar 与 Kinkaris 的传信者到总部当面说明：","fallback","召集/派遣/接触","[]","个体或执行者身份、通道、可用性、旅行/接触时序与自主响应成立。召见经传信者发生；路线、时点、数额、风险和凭据是请求的信息，不是已有答复。","群体不是心智；请求、派出、到达和执行不能相互推导","记录派遣与真实接触，收到逐项陈述及凭据才记核对完成。"
"autarch-elana","initial","initial submitted frontier","/rawText","[""field-commander"",""tribute-officer"",""headquarters""]","38","81","不是责备，而是要求他们把最近短报里省略的路线、时点、数额与需要总部承担的风险逐项补齐，","fallback","表达/请求","[]","发话者有依据，实际接触和通道/时序由规则或裁决确立。召见经传信者发生；路线、时点、数额、风险和凭据是请求的信息，不是已有答复。","发出内容不证明送达、答复、相信、服从或后续任务完成","记录派遣与真实接触，收到逐项陈述及凭据才记核对完成。"
"autarch-elana","initial","initial submitted frontier","/rawText","[""field-commander"",""tribute-officer"",""headquarters""]","81","92","并带来可供核对的凭据。","fallback","观察/核查","[]","合法访问/感知依据、具体既存资料或已裁决的现场证据。召见经传信者发生；路线、时点、数额、风险和凭据是请求的信息，不是已有答复。","未知细节、发现过程、比较结论不能由事实可见标签自动产生","记录派遣与真实接触，收到逐项陈述及凭据才记核对完成。"
"azure-king","initial","initial submitted frontier","/rawText","[""shell-collectors"",""hall""]","0","16","我前往月贝采集者们常出发的礁脊，","fallback","移动/到场","[]","起终点、路线、移动规则、实际持续时间和接触成立。须先前往礁脊；五名 mermaid 属群体成员，不能由群体实体伪造五份心智。","准备或提出前往不证明到达；不能用同一 placement 假定接触","移动和接触有证据；分人记录航程安排及实际复述，不能把提出问题当作复述。"
"azure-king","initial","initial submitted frontier","/rawText","[""shell-collectors"",""hall""]","16","71","向带队的五名 mermaid 当面确认下一次满月采集的航程：谁在何处下潜、由谁接应、返航时若少人该向哪里报信，","fallback","表达/请求","[]","发话者有依据，实际接触和通道/时序由规则或裁决确立。须先前往礁脊；五名 mermaid 属群体成员，不能由群体实体伪造五份心智。","发出内容不证明送达、答复、相信、服从或后续任务完成","移动和接触有证据；分人记录航程安排及实际复述，不能把提出问题当作复述。"
"azure-king","initial","initial submitted frontier","/rawText","[""shell-collectors"",""hall""]","71","89","并让他们复述各自理解的失联处置办法。","fallback","记录/复述","[]","原始数据、证词来源、记录载体或实际复述存在。须先前往礁脊；五名 mermaid 属群体成员，不能由群体实体伪造五份心智。","复制不能创造被抄信息，也不能把意图或命令当作已有记录","移动和接触有证据；分人记录航程安排及实际复述，不能把提出问题当作复述。"
"bedewald-atheling","initial","initial submitted frontier","/rawText","[""hydra-lair"",""keep""]","0","14","我按现有轮值派出下一班巡逻，","fallback","召集/派遣/接触","[]","个体或执行者身份、通道、可用性、旅行/接触时序与自主响应成立。巡逻队执行与往返、爪迹新旧、向南移动属于未确定观察。","群体不是心智；请求、派出、到达和执行不能相互推导","派遣与巡逻进度可继续；交付具体地点及现场证据才算调查完成。"
"bedewald-atheling","initial","initial submitted frontier","/rawText","[""hydra-lair"",""keep""]","14","54","沿既定观察点重新核对 Hydra 洞穴以南的爪迹、足迹新旧与是否有向南移动迹象，","fallback","观察/核查","[]","合法访问/感知依据、具体既存资料或已裁决的现场证据。巡逻队执行与往返、爪迹新旧、向南移动属于未确定观察。","未知细节、发现过程、比较结论不能由事实可见标签自动产生","派遣与巡逻进度可继续；交付具体地点及现场证据才算调查完成。"
"bedewald-atheling","initial","initial submitted frontier","/rawText","[""hydra-lair"",""keep""]","54","73","要求带回沿线的具体位置而不是笼统结论。","fallback","表达/请求","[]","发话者有依据，实际接触和通道/时序由规则或裁决确立。巡逻队执行与往返、爪迹新旧、向南移动属于未确定观察。","发出内容不证明送达、答复、相信、服从或后续任务完成","派遣与巡逻进度可继续；交付具体地点及现场证据才算调查完成。"
"canon-brannoc","initial","initial submitted frontier","/rawText","[""newcomer"",""temple""]","0","17","我在神殿接待厅找到那名新来的旅人，","fallback","移动/到场","[]","起终点、路线、移动规则、实际持续时间和接触成立。接待厅旅人须存在并建立接触；问题涉及其私有经历、意愿与未来承诺。","准备或提出前往不证明到达；不能用同一 placement 假定接触","分别记录问话、警告与对方实际答复；不代答、不强制服从或履约。"
"canon-brannoc","initial","initial submitted frontier","/rawText","[""newcomer"",""temple""]","17","41","先问他在港口听过什么、从哪里来、愿意为谁冒风险；","fallback","表达/请求","[]","发话者有依据，实际接触和通道/时序由规则或裁决确立。接待厅旅人须存在并建立接触；问题涉及其私有经历、意愿与未来承诺。","发出内容不证明送达、答复、相信、服从或后续任务完成","分别记录问话、警告与对方实际答复；不代答、不强制服从或履约。"
"canon-brannoc","initial","initial submitted frontier","/rawText","[""newcomer"",""temple""]","41","55","随后直说黑沼城堡地下仍危险，","fallback","表达/请求","[]","发话者有依据，实际接触和通道/时序由规则或裁决确立。接待厅旅人须存在并建立接触；问题涉及其私有经历、意愿与未来承诺。","发出内容不证明送达、答复、相信、服从或后续任务完成","分别记录问话、警告与对方实际答复；不代答、不强制服从或履约。"
"canon-brannoc","initial","initial submitted frontier","/rawText","[""newcomer"",""temple""]","55","89","问他若被派进去，能否保证不抛弃受伤的同伴并按约定把情报交回神殿核验。","fallback","表达/请求","[]","发话者有依据，实际接触和通道/时序由规则或裁决确立。接待厅旅人须存在并建立接触；问题涉及其私有经历、意愿与未来承诺。","发出内容不证明送达、答复、相信、服从或后续任务完成","分别记录问话、警告与对方实际答复；不代答、不强制服从或履约。"
"chief-bjarni","initial","initial submitted frontier","/rawText","[""ysby"",""boats""]","0","15","召集村里管船与管仓的几名老手，","fallback","召集/派遣/接触","[]","个体或执行者身份、通道、可用性、旅行/接触时序与自主响应成立。管船管仓者须绑定；船只材料和逐船修补状态不能由笼统库存推导。","群体不是心智；请求、派出、到达和执行不能相互推导","按实际核查形成余量、不可离港船只和修补清单；保留条件与期限。"
"chief-bjarni","initial","initial submitted frontier","/rawText","[""ysby"",""boats""]","15","36","逐项复核盐鱼、绳索、船体修补料与冬储余量，","fallback","观察/核查","[]","合法访问/感知依据、具体既存资料或已裁决的现场证据。管船管仓者须绑定；船只材料和逐船修补状态不能由笼统库存推导。","未知细节、发现过程、比较结论不能由事实可见标签自动产生","按实际核查形成余量、不可离港船只和修补清单；保留条件与期限。"
"chief-bjarni","initial","initial submitted frontier","/rawText","[""ysby"",""boats""]","36","54","标出哪几艘船在任何情况下都不能离港，","fallback","推断/选择/规划","[]","相关证据由该主体合法获得，并保留自主判断。管船管仓者须绑定；船只材料和逐船修补状态不能由笼统库存推导。","计算合法不能证明推断、意愿或外交结果正确；计划不是完成","按实际核查形成余量、不可离港船只和修补清单；保留条件与期限。"
"chief-bjarni","initial","initial submitted frontier","/rawText","[""ysby"",""boats""]","54","69","也标出风暴季前必须完成的修补。","fallback","推断/选择/规划","[]","相关证据由该主体合法获得，并保留自主判断。管船管仓者须绑定；船只材料和逐船修补状态不能由笼统库存推导。","计算合法不能证明推断、意愿或外交结果正确；计划不是完成","按实际核查形成余量、不可离港船只和修补清单；保留条件与期限。"
"chief-kalfvald","initial","initial submitted frontier","/rawText","[""son"",""daretop"",""ragnar""]","0","20","我把 Hamdir 叫到粮仓旁单独谈话。","fallback","召集/派遣/接触","[]","个体或执行者身份、通道、可用性、旅行/接触时序与自主响应成立。Hamdir 有独立心智；召到粮仓旁和私密通道尚需成立。","群体不是心智；请求、派出、到达和执行不能相互推导","记录私下谈话和 Hamdir 的选择；父亲的誓言不得自动转给儿子。"
"chief-kalfvald","initial","initial submitted frontier","/rawText","[""son"",""daretop"",""ragnar""]","20","56","我先说清自己向 Ragnar 立下的誓言仍要由我本人履行，不会替他答应；","fallback","表达/请求","[]","发话者有依据，实际接触和通道/时序由规则或裁决确立。Hamdir 有独立心智；召到粮仓旁和私密通道尚需成立。","发出内容不证明送达、答复、相信、服从或后续任务完成","记录私下谈话和 Hamdir 的选择；父亲的誓言不得自动转给儿子。"
"chief-kalfvald","initial","initial submitted frontier","/rawText","[""son"",""daretop"",""ragnar""]","56","110","然后问他：若我因年迈不能亲往，Daretop 的粮船与人力他打算如何在援王与保护聚落之间取舍，要他把话说定。","fallback","表达/请求","[]","发话者有依据，实际接触和通道/时序由规则或裁决确立。Hamdir 有独立心智；召到粮仓旁和私密通道尚需成立。","发出内容不证明送达、答复、相信、服从或后续任务完成","记录私下谈话和 Hamdir 的选择；父亲的誓言不得自动转给儿子。"
"chief-yngvar","initial","initial submitted frontier","/rawText","[""gamla"",""grain""]","0","24","先巡查 Gamla 的仓储、粮袋与西侧沼泽哨位，","fallback","观察/核查","[]","合法访问/感知依据、具体既存资料或已裁决的现场证据。巡查场所、袋数、可出战人数和消耗率不等同于抽象 provisions 总量。","未知细节、发现过程、比较结论不能由事实可见标签自动产生","有来源的袋数、天数、人数组成结果；缺少消耗率就不捏造天数。"
"chief-yngvar","initial","initial submitted frontier","/rawText","[""gamla"",""grain""]","24","45","确认本季收成、护卫人数和一旦断粮能撑多久；","fallback","观察/核查","[]","合法访问/感知依据、具体既存资料或已裁决的现场证据。巡查场所、袋数、可出战人数和消耗率不等同于抽象 provisions 总量。","未知细节、发现过程、比较结论不能由事实可见标签自动产生","有来源的袋数、天数、人数组成结果；缺少消耗率就不捏造天数。"
"chief-yngvar","initial","initial submitted frontier","/rawText","[""gamla"",""grain""]","45","64","把结果按袋数、日数和可出战人数列出来。","fallback","记录/复述","[]","原始数据、证词来源、记录载体或实际复述存在。巡查场所、袋数、可出战人数和消耗率不等同于抽象 provisions 总量。","复制不能创造被抄信息，也不能把意图或命令当作已有记录","有来源的袋数、天数、人数组成结果；缺少消耗率就不捏造天数。"
"curator-iseult-vale","initial","initial submitted frontier","/rawText","[""sealed-index"",""self""]","0","20","重新核对密封索引的编号、笔迹与交叉引用，","fallback","观察/核查","[]","合法访问/感知依据、具体既存资料或已裁决的现场证据。索引对象存在不代表每页编号、笔迹和交叉引用已经显式建模。","未知细节、发现过程、比较结论不能由事实可见标签自动产生","逐条可核对抄录；仍在活动的设施与地点须有来源，未知留空。"
"curator-iseult-vale","initial","initial submitted frontier","/rawText","[""sealed-index"",""self""]","20","40","把能确认的 Atacyl 记号单独抄出，","fallback","记录/复述","[]","原始数据、证词来源、记录载体或实际复述存在。索引对象存在不代表每页编号、笔迹和交叉引用已经显式建模。","复制不能创造被抄信息，也不能把意图或命令当作已有记录","逐条可核对抄录；仍在活动的设施与地点须有来源，未知留空。"
"curator-iseult-vale","initial","initial submitted frontier","/rawText","[""sealed-index"",""self""]","40","63","同时检查有无指向仍在活动的设施名称或地点线索。","fallback","观察/核查","[]","合法访问/感知依据、具体既存资料或已裁决的现场证据。索引对象存在不代表每页编号、笔迹和交叉引用已经显式建模。","未知细节、发现过程、比较结论不能由事实可见标签自动产生","逐条可核对抄录；仍在活动的设施与地点须有来源，未知留空。"
"duke-caedwine","initial","initial submitted frontier","/rawText","[""capital"",""duchy""]","0","15","派人请在城中逗留的新来者赴宴，","fallback","召集/派遣/接触","[]","个体或执行者身份、通道、可用性、旅行/接触时序与自主响应成立。派遣、宴请和侍从调查是并行意图；不能直接获得新来者经历或商机。","群体不是心智；请求、派出、到达和执行不能相互推导","保存邀请与调查两支进度、实际回应和证词来源；未接触则继续。"
"duke-caedwine","initial","initial submitted frontier","/rawText","[""capital"",""duchy""]","15","37","以公爵的名义邀请他讲述亲自经历的危险与见闻；","fallback","表达/请求","[]","发话者有依据，实际接触和通道/时序由规则或裁决确立。派遣、宴请和侍从调查是并行意图；不能直接获得新来者经历或商机。","发出内容不证明送达、答复、相信、服从或后续任务完成","保存邀请与调查两支进度、实际回应和证词来源；未接触则继续。"
"duke-caedwine","initial","initial submitted frontier","/rawText","[""capital"",""duchy""]","37","54","同时让侍从探问其来路和可谈的商机。","fallback","召集/派遣/接触","[]","个体或执行者身份、通道、可用性、旅行/接触时序与自主响应成立。派遣、宴请和侍从调查是并行意图；不能直接获得新来者经历或商机。","群体不是心智；请求、派出、到达和执行不能相互推导","保存邀请与调查两支进度、实际回应和证词来源；未接触则继续。"
"ealdorman-paddock-ryburn","initial","initial submitted frontier","/rawText","[""sheriff"",""market-town""]","0","38","请 Barris 把本周三家大买家的报价、交割条件与在场证人整理成公开记录，","fallback","表达/请求","[]","发话者有依据，实际接触和通道/时序由规则或裁决确立。Barris 自主反应；三家报价、证人和张贴地点需要实际来源与执行。","发出内容不证明送达、答复、相信、服从或后续任务完成","请求、整理、张贴分开；公示后才有接收可能，禁私雇不等于已拒绝一笔交易。"
"ealdorman-paddock-ryburn","initial","initial submitted frontier","/rawText","[""sheriff"",""market-town""]","38","62","并在市场上张贴告示：下轮竞价按同一公开程序进行，","fallback","物理操作/制作","[]","具体对象、资源所有权、数量、材料与执行规则成立。Barris 自主反应；三家报价、证人和张贴地点需要实际来源与执行。","抽象库存和工具名称不能证明加固、搬运、张贴或制作已发生","请求、整理、张贴分开；公示后才有接收可能，禁私雇不等于已拒绝一笔交易。"
"ealdorman-paddock-ryburn","initial","initial submitted frontier","/rawText","[""sheriff"",""market-town""]","62","88","任何私下雇用 constable 的行为都会被拒绝。","fallback","条件/否定/承诺约束","[]","原意完整保留，依赖的行动/证据满足后才检验其遵守情况。Barris 自主反应；三家报价、证人和张贴地点需要实际来源与执行。","约束文本可保存，但不是独立完成的世界工作，不计执行覆盖收益","请求、整理、张贴分开；公示后才有接收可能，禁私雇不等于已拒绝一笔交易。"
"egil-longhair","initial","initial submitted frontier","/rawText","[""ships"",""warriors"",""bay"",""raid-target""]","0","22","下令轮班休息的战士继续整备桨架、帆索与盾墙，","fallback","表达/请求","[]","发话者有依据，实际接触和通道/时序由规则或裁决确立。整备与侦察并行；队伍行动、近岸感知与报告均不能从命令推导。","发出内容不证明送达、答复、相信、服从或后续任务完成","两支工作各记进展，报告只包含已观察证据，保留不得推断财富/弱点。"
"egil-longhair","initial","initial submitted frontier","/rawText","[""ships"",""warriors"",""bay"",""raid-target""]","22","53","同时派出小艇与岸上观察组在 Smoking Bay 近岸侦察：","fallback","召集/派遣/接触","[]","个体或执行者身份、通道、可用性、旅行/接触时序与自主响应成立。整备与侦察并行；队伍行动、近岸感知与报告均不能从命令推导。","群体不是心智；请求、派出、到达和执行不能相互推导","两支工作各记进展，报告只包含已观察证据，保留不得推断财富/弱点。"
"egil-longhair","initial","initial submitted frontier","/rawText","[""ships"",""warriors"",""bay"",""raid-target""]","53","78","只回报实际看见的岸灯、航道、水深、守备迹象与人影，","fallback","表达/请求","[]","发话者有依据，实际接触和通道/时序由规则或裁决确立。整备与侦察并行；队伍行动、近岸感知与报告均不能从命令推导。","发出内容不证明送达、答复、相信、服从或后续任务完成","两支工作各记进展，报告只包含已观察证据，保留不得推断财富/弱点。"
"egil-longhair","initial","initial submitted frontier","/rawText","[""ships"",""warriors"",""bay"",""raid-target""]","78","93","不许把猜想当作财富或弱点证据。","fallback","条件/否定/承诺约束","[]","原意完整保留，依赖的行动/证据满足后才检验其遵守情况。整备与侦察并行；队伍行动、近岸感知与报告均不能从命令推导。","约束文本可保存，但不是独立完成的世界工作，不计执行覆盖收益","两支工作各记进展，报告只包含已观察证据，保留不得推断财富/弱点。"
"gmung","initial","initial submitted frontier","/rawText","[""tribe"",""caves""]","0","17","召粮仓看守与亲族见证者到议事火前，","fallback","召集/派遣/接触","[]","个体或执行者身份、通道、可用性、旅行/接触时序与自主响应成立。看守与见证者是待绑定的个人；上轮贡额、冬粮分项与春耕周期需证据。","群体不是心智；请求、派出、到达和执行不能相互推导","两人独立复述与木板实录；不得把观点或预言写成确定库存事实。"
"gmung","initial","initial submitted frontier","/rawText","[""tribe"",""caves""]","17","43","让两人各自复述若按上一轮规模交贡会削减哪一部分冬粮，","fallback","记录/复述","[]","原始数据、证词来源、记录载体或实际复述存在。看守与见证者是待绑定的个人；上轮贡额、冬粮分项与春耕周期需证据。","复制不能创造被抄信息，也不能把意图或命令当作已有记录","两人独立复述与木板实录；不得把观点或预言写成确定库存事实。"
"gmung","initial","initial submitted frontier","/rawText","[""tribe"",""caves""]","43","60","并把可支撑到春耕的账目刻在木板上，","fallback","物理操作/制作","[]","具体对象、资源所有权、数量、材料与执行规则成立。看守与见证者是待绑定的个人；上轮贡额、冬粮分项与春耕周期需证据。","抽象库存和工具名称不能证明加固、搬运、张贴或制作已发生","两人独立复述与木板实录；不得把观点或预言写成确定库存事实。"
"gmung","initial","initial submitted frontier","/rawText","[""tribe"",""caves""]","60","73","作为公开判断依据而非预言。","fallback","条件/否定/承诺约束","[]","原意完整保留，依赖的行动/证据满足后才检验其遵守情况。看守与见证者是待绑定的个人；上轮贡额、冬粮分项与春耕周期需证据。","约束文本可保存，但不是独立完成的世界工作，不计执行覆盖收益","两人独立复述与木板实录；不得把观点或预言写成确定库存事实。"
"governor-tyrilas","initial","initial submitted frontier","/rawText","[""city""]","0","19","召集议会代表听取港口、市场与城民近况，","fallback","召集/派遣/接触","[]","个体或执行者身份、通道、可用性、旅行/接触时序与自主响应成立。议会各席不是一个心智；近况和关切须来自实际发言。","群体不是心智；请求、派出、到达和执行不能相互推导","召集后逐席记录观点，保持与总督立场分离。"
"governor-tyrilas","initial","initial submitted frontier","/rawText","[""city""]","19","47","要求各席分别说明对城堡下层风险与人类复权请愿的具体关切，","fallback","表达/请求","[]","发话者有依据，实际接触和通道/时序由规则或裁决确立。议会各席不是一个心智；近况和关切须来自实际发言。","发出内容不证明送达、答复、相信、服从或后续任务完成","召集后逐席记录观点，保持与总督立场分离。"
"governor-tyrilas","initial","initial submitted frontier","/rawText","[""city""]","47","56","而不是替总督表态。","fallback","条件/否定/承诺约束","[]","原意完整保留，依赖的行动/证据满足后才检验其遵守情况。议会各席不是一个心智；近况和关切须来自实际发言。","约束文本可保存，但不是独立完成的世界工作，不计执行覆盖收益","召集后逐席记录观点，保持与总督立场分离。"
"hamdir","initial","initial submitted frontier","/attempts/0/text","[""father"",""daretop"",""grain-route""]","0","35","请父亲 Kalfvald 一同核对今年粮运、守备轮值与拟交给我的账册；","fallback","表达/请求","[]","发话者有依据，实际接触和通道/时序由规则或裁决确立。父子核账与远方使者两条并行线；保护承诺不同于援王誓言，未收条款不得表态。","发出内容不证明送达、答复、相信、服从或后续任务完成","核账、承诺、远方派遣、实际条件与回复分别有证据；两线保留未完成部分。"
"hamdir","initial","initial submitted frontier","/attempts/0/text","[""father"",""daretop"",""grain-route""]","35","68","我明确说明保护他、照料伤员和维持 Daretop 运转是我的承诺，","fallback","表达/请求","[]","发话者有依据，实际接触和通道/时序由规则或裁决确立。父子核账与远方使者两条并行线；保护承诺不同于援王誓言，未收条款不得表态。","发出内容不证明送达、答复、相信、服从或后续任务完成","核账、承诺、远方派遣、实际条件与回复分别有证据；两线保留未完成部分。"
"hamdir","initial","initial submitted frontier","/attempts/0/text","[""father"",""daretop"",""grain-route""]","68","100","但不以儿子的身份自动承担他个人向 Ragnar 立下的援王誓言。","fallback","条件/否定/承诺约束","[]","原意完整保留，依赖的行动/证据满足后才检验其遵守情况。父子核账与远方使者两条并行线；保护承诺不同于援王誓言，未收条款不得表态。","约束文本可保存，但不是独立完成的世界工作，不计执行覆盖收益","核账、承诺、远方派遣、实际条件与回复分别有证据；两线保留未完成部分。"
"hamdir","initial","initial submitted frontier","/attempts/1/text","[""ragnar"",""yngvar"",""realm"",""grain-route""]","0","19","派出可靠亲信分别去王城与 Gamla，","fallback","召集/派遣/接触","[]","个体或执行者身份、通道、可用性、旅行/接触时序与自主响应成立。父子核账与远方使者两条并行线；保护承诺不同于援王誓言，未收条款不得表态。","群体不是心智；请求、派出、到达和执行不能相互推导","核账、承诺、远方派遣、实际条件与回复分别有证据；两线保留未完成部分。"
"hamdir","initial","initial submitted frontier","/attempts/1/text","[""ragnar"",""yngvar"",""realm"",""grain-route""]","19","75","只问两件事：他们各自要求 Daretop 交出多少粮、多少船、多少兵，期限多长，以及若遭报复谁来保护村田与粮道；","fallback","表达/请求","[]","发话者有依据，实际接触和通道/时序由规则或裁决确立。父子核账与远方使者两条并行线；保护承诺不同于援王誓言，未收条款不得表态。","发出内容不证明送达、答复、相信、服从或后续任务完成","核账、承诺、远方派遣、实际条件与回复分别有证据；两线保留未完成部分。"
"hamdir","initial","initial submitted frontier","/attempts/1/text","[""ragnar"",""yngvar"",""realm"",""grain-route""]","75","106","未收到成文条款前，我不代表 Daretop 表态支持任何一方。","fallback","条件/否定/承诺约束","[]","原意完整保留，依赖的行动/证据满足后才检验其遵守情况。父子核账与远方使者两条并行线；保护承诺不同于援王誓言，未收条款不得表态。","约束文本可保存，但不是独立完成的世界工作，不计执行覆盖收益","核账、承诺、远方派遣、实际条件与回复分别有证据；两线保留未完成部分。"
"harbor-wayfarer-1","initial","initial submitted frontier","/rawText","[]","0","29","向码头边靠着的领航人或搬运工打听哪里有便宜又安全的下榻处。","fallback","表达/请求","[]","发话者有依据，实际接触和通道/时序由规则或裁决确立。没有绑定的领航人/搬运工；harbor 是地点；来源未给明确房价、今夜床位或安全承诺。","发出内容不证明送达、答复、相信、服从或后续任务完成","须有实际接触、询问、受话者来源与交付；有用地点/证词与便宜安全住宿目标分别验收。"
"high-captain-sinerian","initial","initial submitted frontier","/rawText","[""ranger-order"",""ranger-seat""]","0","11","召集各巡逻圈队长会议，","fallback","召集/派遣/接触","[]","个体或执行者身份、通道、可用性、旅行/接触时序与自主响应成立。各巡逻圈队长须实际参与；航迹、活动和空档不是公开目标名称能替代的情报。","群体不是心智；请求、派出、到达和执行不能相互推导","逐段情报和无人回应路线有来源，之后的协同讨论仍属未决。"
"high-captain-sinerian","initial","initial submitted frontier","/rawText","[""ranger-order"",""ranger-seat""]","11","47","要求逐段列出 Vasan 航迹、Raven 活动与南方勘探压力下的空档，","fallback","表达/请求","[]","发话者有依据，实际接触和通道/时序由规则或裁决确立。各巡逻圈队长须实际参与；航迹、活动和空档不是公开目标名称能替代的情报。","发出内容不证明送达、答复、相信、服从或后续任务完成","逐段情报和无人回应路线有来源，之后的协同讨论仍属未决。"
"high-captain-sinerian","initial","initial submitted frontier","/rawText","[""ranger-order"",""ranger-seat""]","47","58","先画出无人回应的路线，","fallback","记录/复述","[]","原始数据、证词来源、记录载体或实际复述存在。各巡逻圈队长须实际参与；航迹、活动和空档不是公开目标名称能替代的情报。","复制不能创造被抄信息，也不能把意图或命令当作已有记录","逐段情报和无人回应路线有来源，之后的协同讨论仍属未决。"
"high-captain-sinerian","initial","initial submitted frontier","/rawText","[""ranger-order"",""ranger-seat""]","58","68","再讨论如何重新结绳。","fallback","推断/选择/规划","[]","相关证据由该主体合法获得，并保留自主判断。各巡逻圈队长须实际参与；航迹、活动和空档不是公开目标名称能替代的情报。","计算合法不能证明推断、意愿或外交结果正确；计划不是完成","逐段情报和无人回应路线有来源，之后的协同讨论仍属未决。"
"high-chief-cruk","initial","initial submitted frontier","/attempts/0/text","[""sacred-grove"",""sacred-sword""]","0","21","以 High Chief 的身份巡视圣林，","fallback","观察/核查","[]","合法访问/感知依据、具体既存资料或已裁决的现场证据。圣林守卫轮换需观察；被守护者证据是前提，传话及六 chiefs 到场不能默认。","未知细节、发现过程、比较结论不能由事实可见标签自动产生","巡视证据、叮嘱、派遣与会谈分别记录；远距/不可触碰及日落期限保留。"
"high-chief-cruk","initial","initial submitted frontier","/attempts/0/text","[""sacred-grove"",""sacred-sword""]","21","32","检查守卫轮换是否完整，","fallback","观察/核查","[]","合法访问/感知依据、具体既存资料或已裁决的现场证据。圣林守卫轮换需观察；被守护者证据是前提，传话及六 chiefs 到场不能默认。","未知细节、发现过程、比较结论不能由事实可见标签自动产生","巡视证据、叮嘱、派遣与会谈分别记录；远距/不可触碰及日落期限保留。"
"high-chief-cruk","initial","initial submitted frontier","/attempts/0/text","[""sacred-grove"",""sacred-sword""]","32","72","并叮嘱值守者：在被守护者未给出新的可复核证据前，任何人都只可远距观察，不可触碰。","fallback","表达/请求","[]","发话者有依据，实际接触和通道/时序由规则或裁决确立。圣林守卫轮换需观察；被守护者证据是前提，传话及六 chiefs 到场不能默认。","发出内容不证明送达、答复、相信、服从或后续任务完成","巡视证据、叮嘱、派遣与会谈分别记录；远距/不可触碰及日落期限保留。"
"high-chief-cruk","initial","initial submitted frontier","/attempts/1/text","[""chief-council"",""tribe""]","0","28","派人传话召集六位 chiefs 于日落前在圣林外缘会谈，","fallback","召集/派遣/接触","[]","个体或执行者身份、通道、可用性、旅行/接触时序与自主响应成立。圣林守卫轮换需观察；被守护者证据是前提，传话及六 chiefs 到场不能默认。","群体不是心智；请求、派出、到达和执行不能相互推导","巡视证据、叮嘱、派遣与会谈分别记录；远距/不可触碰及日落期限保留。"
"high-chief-cruk","initial","initial submitted frontier","/attempts/1/text","[""chief-council"",""tribe""]","28","42","请他们各自带上亲族守卫名册，","fallback","表达/请求","[]","发话者有依据，实际接触和通道/时序由规则或裁决确立。圣林守卫轮换需观察；被守护者证据是前提，传话及六 chiefs 到场不能默认。","发出内容不证明送达、答复、相信、服从或后续任务完成","巡视证据、叮嘱、派遣与会谈分别记录；远距/不可触碰及日落期限保留。"
"high-chief-cruk","initial","initial submitted frontier","/attempts/1/text","[""chief-council"",""tribe""]","42","64","并准备说明近期外来的寻剑传闻是否已传到本族。","fallback","表达/请求","[]","发话者有依据，实际接触和通道/时序由规则或裁决确立。圣林守卫轮换需观察；被守护者证据是前提，传话及六 chiefs 到场不能默认。","发出内容不证明送达、答复、相信、服从或后续任务完成","巡视证据、叮嘱、派遣与会谈分别记录；远距/不可触碰及日落期限保留。"
"john-abrams","initial","initial submitted frontier","/rawText","[""harbor"",""company""]","0","11","前往港区码头与信号岗，","fallback","移动/到场","[]","起终点、路线、移动规则、实际持续时间和接触成立。须移动到港区与信号岗；现有回港名册不等于那两艇已回信。","准备或提出前往不证明到达；不能用同一 placement 假定接触","保留名册核对来源；仅凭实际回信/灯号/避风消息更新失联判断。"
"john-abrams","initial","initial submitted frontier","/rawText","[""harbor"",""company""]","11","20","逐项核对回港名册，","fallback","观察/核查","[]","合法访问/感知依据、具体既存资料或已裁决的现场证据。须移动到港区与信号岗；现有回港名册不等于那两艇已回信。","未知细节、发现过程、比较结论不能由事实可见标签自动产生","保留名册核对来源；仅凭实际回信/灯号/避风消息更新失联判断。"
"john-abrams","initial","initial submitted frontier","/rawText","[""harbor"",""company""]","20","50","确认那两艘未归的沿岸小艇是否已有回信、灯号或避风位置的消息。","fallback","观察/核查","[]","合法访问/感知依据、具体既存资料或已裁决的现场证据。须移动到港区与信号岗；现有回港名册不等于那两艇已回信。","未知细节、发现过程、比较结论不能由事实可见标签自动产生","保留名册核对来源；仅凭实际回信/灯号/避风消息更新失联判断。"
"king-graptar","initial","initial submitted frontier","/attempts/0/text","[""goblin-host"",""mountain-base""]","0","20","以 Stupendous 之名召集亲卫，","fallback","召集/派遣/接触","[]","个体或执行者身份、通道、可用性、旅行/接触时序与自主响应成立。军械守卫轮换、观察眼神和远方侦察各有独立语义；不能把宣告当作执行。","群体不是心智；请求、派出、到达和执行不能相互推导","召集/宣告、现场行为证据和侦察时间表分开；不虚构押运和援兵时间。"
"king-graptar","initial","initial submitted frontier","/attempts/0/text","[""goblin-host"",""mountain-base""]","20","34","宣布轮换军械钥匙与粮仓守卫，","fallback","表达/请求","[]","发话者有依据，实际接触和通道/时序由规则或裁决确立。军械守卫轮换、观察眼神和远方侦察各有独立语义；不能把宣告当作执行。","发出内容不证明送达、答复、相信、服从或后续任务完成","召集/宣告、现场行为证据和侦察时间表分开；不虚构押运和援兵时间。"
"king-graptar","initial","initial submitted frontier","/attempts/0/text","[""goblin-host"",""mountain-base""]","34","53","借检阅之名观察谁在坏消息后会先看别人。","fallback","观察/核查","[]","合法访问/感知依据、具体既存资料或已裁决的现场证据。军械守卫轮换、观察眼神和远方侦察各有独立语义；不能把宣告当作执行。","未知细节、发现过程、比较结论不能由事实可见标签自动产生","召集/宣告、现场行为证据和侦察时间表分开；不虚构押运和援兵时间。"
"king-graptar","initial","initial submitted frontier","/attempts/1/text","[""newcombe"",""greenton"",""strangeholms"",""goblin-host""]","0","22","派出熟悉 Newcombe 小路的斥候小队，","fallback","召集/派遣/接触","[]","个体或执行者身份、通道、可用性、旅行/接触时序与自主响应成立。军械守卫轮换、观察眼神和远方侦察各有独立语义；不能把宣告当作执行。","群体不是心智；请求、派出、到达和执行不能相互推导","召集/宣告、现场行为证据和侦察时间表分开；不虚构押运和援兵时间。"
"king-graptar","initial","initial submitted frontier","/attempts/1/text","[""newcombe"",""greenton"",""strangeholms"",""goblin-host""]","22","72","只侦察 Greenton 外围与 Strangeholms 方向的粮车路线、押运人数和援兵到达时间，","fallback","观察/核查","[]","合法访问/感知依据、具体既存资料或已裁决的现场证据。军械守卫轮换、观察眼神和远方侦察各有独立语义；不能把宣告当作执行。","未知细节、发现过程、比较结论不能由事实可见标签自动产生","召集/宣告、现场行为证据和侦察时间表分开；不虚构押运和援兵时间。"
"king-graptar","initial","initial submitted frontier","/attempts/1/text","[""newcombe"",""greenton"",""strangeholms"",""goblin-host""]","72","94","并带回一份能公开分配战利品的袭掠时间表草案。","fallback","记录/复述","[]","原始数据、证词来源、记录载体或实际复述存在。军械守卫轮换、观察眼神和远方侦察各有独立语义；不能把宣告当作执行。","复制不能创造被抄信息，也不能把意图或命令当作已有记录","召集/宣告、现场行为证据和侦察时间表分开；不虚构押运和援兵时间。"
"king-neptar","initial","initial submitted frontier","/rawText","[""grotto"",""community""]","0","9","守在王子的葬仪中，","fallback","物理操作/制作","[]","具体对象、资源所有权、数量、材料与执行规则成立。葬仪当前状态、痕迹和目击者来源需分开；不派复仇是命令不是群体已知。","抽象库存和工具名称不能证明加固、搬运、张贴或制作已发生","记录葬仪参与、分类资料和实际通知；不自动改变家属/守卫信念。"
"king-neptar","initial","initial submitted frontier","/rawText","[""grotto"",""community""]","9","30","命令把遗体、卷流痕迹与目击者证词分开记录，","fallback","表达/请求","[]","发话者有依据，实际接触和通道/时序由规则或裁决确立。葬仪当前状态、痕迹和目击者来源需分开；不派复仇是命令不是群体已知。","发出内容不证明送达、答复、相信、服从或后续任务完成","记录葬仪参与、分类资料和实际通知；不自动改变家属/守卫信念。"
"king-neptar","initial","initial submitted frontier","/rawText","[""grotto"",""community""]","30","52","并让家属与守卫先知道今夜不派盲目的复仇攻击。","fallback","表达/请求","[]","发话者有依据，实际接触和通道/时序由规则或裁决确立。葬仪当前状态、痕迹和目击者来源需分开；不派复仇是命令不是群体已知。","发出内容不证明送达、答复、相信、服从或后续任务完成","记录葬仪参与、分类资料和实际通知；不自动改变家属/守卫信念。"
"king-nilal","initial","initial submitted frontier","/attempts/0/text","[""falls"",""queen"",""home-realm""]","0","22","在西塔召集王后 Aerindel 与军需官，","fallback","召集/派遣/接触","[]","个体或执行者身份、通道、可用性、旅行/接触时序与自主响应成立。三个并行分支：西塔会议与两封不同收件人的信；资源余量、信使与送达均未确立。","群体不是心智；请求、派出、到达和执行不能相互推导","来源支撑的支援清单；每封信独立记录写作/发出/送达，王廷主张不直接变成新控制事实。"
"king-nilal","initial","initial submitted frontier","/attempts/0/text","[""falls"",""queen"",""home-realm""]","22","57","逐项核对瀑布 Viz 产出、守卫轮换和 Ranger 支援请求的缺口，","fallback","观察/核查","[]","合法访问/感知依据、具体既存资料或已裁决的现场证据。三个并行分支：西塔会议与两封不同收件人的信；资源余量、信使与送达均未确立。","未知细节、发现过程、比较结论不能由事实可见标签自动产生","来源支撑的支援清单；每封信独立记录写作/发出/送达，王廷主张不直接变成新控制事实。"
"king-nilal","initial","initial submitted frontier","/attempts/0/text","[""falls"",""queen"",""home-realm""]","57","77","准备一份只按剩余余量分批兑现的支援清单。","fallback","记录/复述","[]","原始数据、证词来源、记录载体或实际复述存在。三个并行分支：西塔会议与两封不同收件人的信；资源余量、信使与送达均未确立。","复制不能创造被抄信息，也不能把意图或命令当作已有记录","来源支撑的支援清单；每封信独立记录写作/发出/送达，王廷主张不直接变成新控制事实。"
"king-nilal","initial","initial submitted frontier","/attempts/1/text","[""ranger-captain"",""home-realm""]","0","41","致信 Sinerian，说明 Greywood 能承担的预警、向导与施法支援上限，","fallback","表达/请求","[]","发话者有依据，实际接触和通道/时序由规则或裁决确立。三个并行分支：西塔会议与两封不同收件人的信；资源余量、信使与送达均未确立。","发出内容不证明送达、答复、相信、服从或后续任务完成","来源支撑的支援清单；每封信独立记录写作/发出/送达，王廷主张不直接变成新控制事实。"
"king-nilal","initial","initial submitted frontier","/attempts/1/text","[""ranger-captain"",""home-realm""]","41","64","要求她按优先次序把压力最大的一段边界先列出来。","fallback","表达/请求","[]","发话者有依据，实际接触和通道/时序由规则或裁决确立。三个并行分支：西塔会议与两封不同收件人的信；资源余量、信使与送达均未确立。","发出内容不证明送达、答复、相信、服从或后续任务完成","来源支撑的支援清单；每封信独立记录写作/发出/送达，王廷主张不直接变成新控制事实。"
"king-nilal","initial","initial submitted frontier","/attempts/2/text","[""castle-governor"",""falls""]","0","81","另备一封给 Tyrilas 的短笺，重申 Stardell Falls、岩后神殿与 Viz 来源的最终控制仍归 Greywood，任何地下遗产封锁都不应绕过王廷。","fallback","物理操作/制作","[]","具体对象、资源所有权、数量、材料与执行规则成立。三个并行分支：西塔会议与两封不同收件人的信；资源余量、信使与送达均未确立。","抽象库存和工具名称不能证明加固、搬运、张贴或制作已发生","来源支撑的支援清单；每封信独立记录写作/发出/送达，王廷主张不直接变成新控制事实。"
"king-ragnar","initial","initial submitted frontier","/attempts/0/text","[""taldane"",""realm"",""kalfvald""]","0","30","在 Castle Taldane 召见仍在营中的首领与军需，","fallback","召集/派遣/接触","[]","个体或执行者身份、通道、可用性、旅行/接触时序与自主响应成立。议事、王戒调查、遣使/探听三支；统治效果和幸存者证词仍须开放裁决。","群体不是心智；请求、派出、到达和执行不能相互推导","三支分别留账；不把王令宣告算服从，不把首饰猜成王戒，不提前公开指控。"
"king-ragnar","initial","initial submitted frontier","/attempts/0/text","[""taldane"",""realm"",""kalfvald""]","30","42","重新主持军务与粮食议事，","fallback","推断/选择/规划","[]","相关证据由该主体合法获得，并保留自主判断。议事、王戒调查、遣使/探听三支；统治效果和幸存者证词仍须开放裁决。","计算合法不能证明推断、意愿或外交结果正确；计划不是完成","三支分别留账；不把王令宣告算服从，不把首饰猜成王戒，不提前公开指控。"
"king-ragnar","initial","initial submitted frontier","/attempts/0/text","[""taldane"",""realm"",""kalfvald""]","42","64","让王令在 Yngvar 行动前仍被公开执行。","fallback","推断/选择/规划","[]","相关证据由该主体合法获得，并保留自主判断。议事、王戒调查、遣使/探听三支；统治效果和幸存者证词仍须开放裁决。","计算合法不能证明推断、意愿或外交结果正确；计划不是完成","三支分别留账；不把王令宣告算服从，不把首饰猜成王戒，不提前公开指控。"
"king-ragnar","initial","initial submitted frontier","/attempts/1/text","[""blackmarsh"",""lost-signet"",""realm""]","0","28","派可信而清醒的老人分别追查当年袭港幸存者和旧战利品流向，","fallback","召集/派遣/接触","[]","个体或执行者身份、通道、可用性、旅行/接触时序与自主响应成立。议事、王戒调查、遣使/探听三支；统治效果和幸存者证词仍须开放裁决。","群体不是心智；请求、派出、到达和执行不能相互推导","三支分别留账；不把王令宣告算服从，不把首饰猜成王戒，不提前公开指控。"
"king-ragnar","initial","initial submitted frontier","/attempts/1/text","[""blackmarsh"",""lost-signet"",""realm""]","28","39","只查证谁可能经手王戒，","fallback","观察/核查","[]","合法访问/感知依据、具体既存资料或已裁决的现场证据。议事、王戒调查、遣使/探听三支；统治效果和幸存者证词仍须开放裁决。","未知细节、发现过程、比较结论不能由事实可见标签自动产生","三支分别留账；不把王令宣告算服从，不把首饰猜成王戒，不提前公开指控。"
"king-ragnar","initial","initial submitted frontier","/attempts/1/text","[""blackmarsh"",""lost-signet"",""realm""]","39","54","不许假定任何店铺或首饰就是它。","fallback","条件/否定/承诺约束","[]","原意完整保留，依赖的行动/证据满足后才检验其遵守情况。议事、王戒调查、遣使/探听三支；统治效果和幸存者证词仍须开放裁决。","约束文本可保存，但不是独立完成的世界工作，不计执行覆盖收益","三支分别留账；不把王令宣告算服从，不把首饰猜成王戒，不提前公开指控。"
"king-ragnar","initial","initial submitted frontier","/attempts/2/text","[""kalfvald"",""yngvar""]","0","21","遣使问 Kalfvald 的粮援何时能到，","fallback","召集/派遣/接触","[]","个体或执行者身份、通道、可用性、旅行/接触时序与自主响应成立。议事、王戒调查、遣使/探听三支；统治效果和幸存者证词仍须开放裁决。","群体不是心智；请求、派出、到达和执行不能相互推导","三支分别留账；不把王令宣告算服从，不把首饰猜成王戒，不提前公开指控。"
"king-ragnar","initial","initial submitted frontier","/attempts/2/text","[""kalfvald"",""yngvar""]","21","48","同时探听 Yngvar 近日见了哪些首领、说了什么话，","fallback","观察/核查","[]","合法访问/感知依据、具体既存资料或已裁决的现场证据。议事、王戒调查、遣使/探听三支；统治效果和幸存者证词仍须开放裁决。","未知细节、发现过程、比较结论不能由事实可见标签自动产生","三支分别留账；不把王令宣告算服从，不把首饰猜成王戒，不提前公开指控。"
"king-ragnar","initial","initial submitted frontier","/attempts/2/text","[""kalfvald"",""yngvar""]","48","58","暂不公开称其为挑战。","fallback","条件/否定/承诺约束","[]","原意完整保留，依赖的行动/证据满足后才检验其遵守情况。议事、王戒调查、遣使/探听三支；统治效果和幸存者证词仍须开放裁决。","约束文本可保存，但不是独立完成的世界工作，不计执行覆盖收益","三支分别留账；不把王令宣告算服从，不把首饰猜成王戒，不提前公开指控。"
"king-suduk","initial","initial submitted frontier","/attempts/0/text","[""ridge-battle"",""tribe""]","0","15","派传令者赶赴 2306 山脊，","fallback","召集/派遣/接触","[]","个体或执行者身份、通道、可用性、旅行/接触时序与自主响应成立。远方山脊命令先经传令；本人回洞网核账与可撤道路是另一支。","群体不是心智；请求、派出、到达和执行不能相互推导","撤退命令与执行/伤员收拢分离；库存天数有消费依据，拖贡仍是准备。"
"king-suduk","initial","initial submitted frontier","/attempts/0/text","[""ridge-battle"",""tribe""]","15","34","命令三十名族人停止向两道沟壑继续压进，","fallback","表达/请求","[]","发话者有依据，实际接触和通道/时序由规则或裁决确立。远方山脊命令先经传令；本人回洞网核账与可撤道路是另一支。","发出内容不证明送达、答复、相信、服从或后续任务完成","撤退命令与执行/伤员收拢分离；库存天数有消费依据，拖贡仍是准备。"
"king-suduk","initial","initial submitted frontier","/attempts/0/text","[""ridge-battle"",""tribe""]","34","45","先守住退路和收拢伤员，","fallback","表达/请求","[]","发话者有依据，实际接触和通道/时序由规则或裁决确立。远方山脊命令先经传令；本人回洞网核账与可撤道路是另一支。","发出内容不证明送达、答复、相信、服从或后续任务完成","撤退命令与执行/伤员收拢分离；库存天数有消费依据，拖贡仍是准备。"
"king-suduk","initial","initial submitted frontier","/attempts/0/text","[""ridge-battle"",""tribe""]","45","69","不与 Vasan berserker 缠斗到底。","fallback","条件/否定/承诺约束","[]","原意完整保留，依赖的行动/证据满足后才检验其遵守情况。远方山脊命令先经传令；本人回洞网核账与可撤道路是另一支。","约束文本可保存，但不是独立完成的世界工作，不计执行覆盖收益","撤退命令与执行/伤员收拢分离；库存天数有消费依据，拖贡仍是准备。"
"king-suduk","initial","initial submitted frontier","/attempts/1/text","[""caves"",""shaman"",""tribe""]","0","19","回到洞网与 G'mung 及粮官对账，","fallback","移动/到场","[]","起终点、路线、移动规则、实际持续时间和接触成立。远方山脊命令先经传令；本人回洞网核账与可撤道路是另一支。","准备或提出前往不证明到达；不能用同一 placement 假定接触","撤退命令与执行/伤员收拢分离；库存天数有消费依据，拖贡仍是准备。"
"king-suduk","initial","initial submitted frontier","/attempts/1/text","[""caves"",""shaman"",""tribe""]","19","47","算清还能支撑多少天、哪条洞道可撤、哪些族人必须留在防线，","fallback","观察/核查","[]","合法访问/感知依据、具体既存资料或已裁决的现场证据。远方山脊命令先经传令；本人回洞网核账与可撤道路是另一支。","未知细节、发现过程、比较结论不能由事实可见标签自动产生","撤退命令与执行/伤员收拢分离；库存天数有消费依据，拖贡仍是准备。"
"king-suduk","initial","initial submitted frontier","/attempts/1/text","[""caves"",""shaman"",""tribe""]","47","68","准备向 Kinkaris 拖延下一轮贡赋。","fallback","推断/选择/规划","[]","相关证据由该主体合法获得，并保留自主判断。远方山脊命令先经传令；本人回洞网核账与可撤道路是另一支。","计算合法不能证明推断、意愿或外交结果正确；计划不是完成","撤退命令与执行/伤员收拢分离；库存天数有消费依据，拖贡仍是准备。"
"kinkaris","initial","initial submitted frontier","/rawText","[""tribute-keep"",""tribute-guard"",""raven-order""]","0","8","召集二十名守卫，","fallback","召集/派遣/接触","[]","个体或执行者身份、通道、可用性、旅行/接触时序与自主响应成立。二十守卫不能被群体实体代答；授权文书和无人落单须实际核对。","群体不是心智；请求、派出、到达和执行不能相互推导","召集结果、贡物/路线/授权及人员覆盖的证据明确。"
"kinkaris","initial","initial submitted frontier","/rawText","[""tribute-keep"",""tribute-guard"",""raven-order""]","8","32","逐项核对贡物账册、撤离水道和总部留下的书面授权，","fallback","观察/核查","[]","合法访问/感知依据、具体既存资料或已裁决的现场证据。二十守卫不能被群体实体代答；授权文书和无人落单须实际核对。","未知细节、发现过程、比较结论不能由事实可见标签自动产生","召集结果、贡物/路线/授权及人员覆盖的证据明确。"
"kinkaris","initial","initial submitted frontier","/rawText","[""tribute-keep"",""tribute-guard"",""raven-order""]","32","47","并确认无人被单独留在石堆外层。","fallback","观察/核查","[]","合法访问/感知依据、具体既存资料或已裁决的现场证据。二十守卫不能被群体实体代答；授权文书和无人落单须实际核对。","未知细节、发现过程、比较结论不能由事实可见标签自动产生","召集结果、贡物/路线/授权及人员覆盖的证据明确。"
"kostbera","initial","initial submitted frontier","/rawText","[""island"",""weather"",""sea""]","0","21","趁风暴未至，清点现有干柴、鱼获与修补材料，","fallback","观察/核查","[]","合法访问/感知依据、具体既存资料或已裁决的现场证据。材料细项、房屋结构、物品可移动性和地势未由总库存指定；天气是前提。","未知细节、发现过程、比较结论不能由事实可见标签自动产生","清点、加固与搬运分别产生真实进度/结果；不把天气判断算施工作业。"
"kostbera","initial","initial submitted frontier","/rawText","[""island"",""weather"",""sea""]","21","34","加固浮木小屋的压绳和屋顶，","fallback","物理操作/制作","[]","具体对象、资源所有权、数量、材料与执行规则成立。材料细项、房屋结构、物品可移动性和地势未由总库存指定；天气是前提。","抽象库存和工具名称不能证明加固、搬运、张贴或制作已发生","清点、加固与搬运分别产生真实进度/结果；不把天气判断算施工作业。"
"kostbera","initial","initial submitted frontier","/rawText","[""island"",""weather"",""sea""]","34","51","并把可移动的粮食与火种移到较高处；","fallback","物理操作/制作","[]","具体对象、资源所有权、数量、材料与执行规则成立。材料细项、房屋结构、物品可移动性和地势未由总库存指定；天气是前提。","抽象库存和工具名称不能证明加固、搬运、张贴或制作已发生","清点、加固与搬运分别产生真实进度/结果；不把天气判断算施工作业。"
"kostbera","initial","initial submitted frontier","/rawText","[""island"",""weather"",""sea""]","51","66","这些是天气迹象要求的实际准备。","fallback","条件/否定/承诺约束","[]","原意完整保留，依赖的行动/证据满足后才检验其遵守情况。材料细项、房屋结构、物品可移动性和地势未由总库存指定；天气是前提。","约束文本可保存，但不是独立完成的世界工作，不计执行覆盖收益","清点、加固与搬运分别产生真实进度/结果；不把天气判断算施工作业。"
"lady-aerindel","initial","initial submitted frontier","/rawText","[""ranger-captain"",""home-realm""]","0","21","审阅 Sinerian 最新一份边境摘要，","fallback","观察/核查","[]","合法访问/感知依据、具体既存资料或已裁决的现场证据。必须有 Sinerian 最新摘要及各道路联络证据；名单是分析所得。","未知细节、发现过程、比较结论不能由事实可见标签自动产生","保留摘要来源与时点，区分失联事实、危险证词及拟定预警名单。"
"lady-aerindel","initial","initial submitted frontier","/rawText","[""ranger-captain"",""home-realm""]","21","50","标出哪些道路与聚落已失去日常联系、最晚发现的危险来自哪里，","fallback","观察/核查","[]","合法访问/感知依据、具体既存资料或已裁决的现场证据。必须有 Sinerian 最新摘要及各道路联络证据；名单是分析所得。","未知细节、发现过程、比较结论不能由事实可见标签自动产生","保留摘要来源与时点，区分失联事实、危险证词及拟定预警名单。"
"lady-aerindel","initial","initial submitted frontier","/rawText","[""ranger-captain"",""home-realm""]","50","66","为下一步扩大预警网拟出具体名单。","fallback","记录/复述","[]","原始数据、证词来源、记录载体或实际复述存在。必须有 Sinerian 最新摘要及各道路联络证据；名单是分析所得。","复制不能创造被抄信息，也不能把意图或命令当作已有记录","保留摘要来源与时点，区分失联事实、危险证词及拟定预警名单。"
"lord-ingwold","initial","initial submitted frontier","/rawText","[""company"",""peaks""]","0","12","召集会社几名可靠的队长，","fallback","召集/派遣/接触","[]","个体或执行者身份、通道、可用性、旅行/接触时序与自主响应成立。三班回报、两处标记和可用人手需证据；提出小队不等于派队完成调查。","群体不是心智；请求、派出、到达和执行不能相互推导","逐条核对旧警示并保留队长建议；不抽空渔业/贸易的约束须验证。"
"lord-ingwold","initial","initial submitted frontier","/rawText","[""company"",""peaks""]","12","37","按最近三班巡查的回报核对两处需要复查的旧警示标记；","fallback","观察/核查","[]","合法访问/感知依据、具体既存资料或已裁决的现场证据。三班回报、两处标记和可用人手需证据；提出小队不等于派队完成调查。","未知细节、发现过程、比较结论不能由事实可见标签自动产生","逐条核对旧警示并保留队长建议；不抽空渔业/贸易的约束须验证。"
"lord-ingwold","initial","initial submitted frontier","/rawText","[""company"",""peaks""]","37","63","要求他们提出一支不抽空村庄渔业与装备贸易的复查小队。","fallback","表达/请求","[]","发话者有依据，实际接触和通道/时序由规则或裁决确立。三班回报、两处标记和可用人手需证据；提出小队不等于派队完成调查。","发出内容不证明送达、答复、相信、服从或后续任务完成","逐条核对旧警示并保留队长建议；不抽空渔业/贸易的约束须验证。"
"lord-maracan","initial","initial submitted frontier","/rawText","[""dennis"",""norbury""]","0","26","重新审阅给商人、侦察兵与 Dennis 的路线材料，","fallback","观察/核查","[]","合法访问/感知依据、具体既存资料或已裁决的现场证据。路线坐标真伪、宣传可信性与外交依赖是语义判断，不能由复制资料决定。","未知细节、发现过程、比较结论不能由事实可见标签自动产生","来源明确的坐标核验和待修改段落；不直接写入他国信任或依赖。"
"lord-maracan","initial","initial submitted frontier","/rawText","[""dennis"",""norbury""]","26","41","确认共享的坐标都能经得起核对，","fallback","观察/核查","[]","合法访问/感知依据、具体既存资料或已裁决的现场证据。路线坐标真伪、宣传可信性与外交依赖是语义判断，不能由复制资料决定。","未知细节、发现过程、比较结论不能由事实可见标签自动产生","来源明确的坐标核验和待修改段落；不直接写入他国信任或依赖。"
"lord-maracan","initial","initial submitted frontier","/rawText","[""dennis"",""norbury""]","41","76","同时检视哪些突出税负、Ranger 迟援与精灵准入限制的段落需要调整，","fallback","推断/选择/规划","[]","相关证据由该主体合法获得，并保留自主判断。路线坐标真伪、宣传可信性与外交依赖是语义判断，不能由复制资料决定。","计算合法不能证明推断、意愿或外交结果正确；计划不是完成","来源明确的坐标核验和待修改段落；不直接写入他国信任或依赖。"
"lord-maracan","initial","initial submitted frontier","/rawText","[""dennis"",""norbury""]","76","115","以免因经不起核验而失去 Grand Kingdom 对 Jorvik 的依赖。","fallback","条件/否定/承诺约束","[]","原意完整保留，依赖的行动/证据满足后才检验其遵守情况。路线坐标真伪、宣传可信性与外交依赖是语义判断，不能由复制资料决定。","约束文本可保存，但不是独立完成的世界工作，不计执行覆盖收益","来源明确的坐标核验和待修改段落；不直接写入他国信任或依赖。"
"lord-mazardan","initial","initial submitted frontier","/rawText","[""northern-company"",""hold"",""rumored-sellers""]","0","19","召集 Company 的验货人与账房，","fallback","召集/派遣/接触","[]","个体或执行者身份、通道、可用性、旅行/接触时序与自主响应成立。二百金币是报价而非成交转移量；验货人和账房须参与，公告须实际张贴。","群体不是心智；请求、派出、到达和执行不能相互推导","价格声明和拒收条件、公告制作/张贴分别留证据；不直接转移币或 Viz。"
"lord-mazardan","initial","initial submitted frontier","/rawText","[""northern-company"",""hold"",""rumored-sellers""]","19","42","重申公开价格仍是每份可核实 Viz 二百金币，","fallback","表达/请求","[]","发话者有依据，实际接触和通道/时序由规则或裁决确立。二百金币是报价而非成交转移量；验货人和账房须参与，公告须实际张贴。","发出内容不证明送达、答复、相信、服从或后续任务完成","价格声明和拒收条件、公告制作/张贴分别留证据；不直接转移币或 Viz。"
"lord-mazardan","initial","initial submitted frontier","/rawText","[""northern-company"",""hold"",""rumored-sellers""]","42","70","凡带来酒馆转述、染色石头或隐瞒来源者一律当场说明不接受；","fallback","表达/请求","[]","发话者有依据，实际接触和通道/时序由规则或裁决确立。二百金币是报价而非成交转移量；验货人和账房须参与，公告须实际张贴。","发出内容不证明送达、答复、相信、服从或后续任务完成","价格声明和拒收条件、公告制作/张贴分别留证据；不直接转移币或 Viz。"
"lord-mazardan","initial","initial submitted frontier","/rawText","[""northern-company"",""hold"",""rumored-sellers""]","70","101","把这条口径写成告示贴到 Oldan Hold 的交易所与客栈。","fallback","物理操作/制作","[]","具体对象、资源所有权、数量、材料与执行规则成立。二百金币是报价而非成交转移量；验货人和账房须参与，公告须实际张贴。","抽象库存和工具名称不能证明加固、搬运、张贴或制作已发生","价格声明和拒收条件、公告制作/张贴分别留证据；不直接转移币或 Viz。"
"lord-octa","initial","initial submitted frontier","/rawText","[""home""]","0","13","集合留在围栏的牧工与护卫，","fallback","召集/派遣/接触","[]","个体或执行者身份、通道、可用性、旅行/接触时序与自主响应成立。十二骑手是兵力选择约束，非数量转移；牧工/护卫身份、现场与技能待核。","群体不是心智；请求、派出、到达和执行不能相互推导","实际集合点名与分工，守栏覆盖保持；不把命令变成已追击或已赶牛。"
"lord-octa","initial","initial submitted frontier","/rawText","[""home""]","13","20","当面点清人手：","fallback","观察/核查","[]","合法访问/感知依据、具体既存资料或已裁决的现场证据。十二骑手是兵力选择约束，非数量转移；牧工/护卫身份、现场与技能待核。","未知细节、发现过程、比较结论不能由事实可见标签自动产生","实际集合点名与分工，守栏覆盖保持；不把命令变成已追击或已赶牛。"
"lord-octa","initial","initial submitted frontier","/rawText","[""home""]","20","36","追击队只带十二名最熟蹄印的骑手，","fallback","表达/请求","[]","发话者有依据，实际接触和通道/时序由规则或裁决确立。十二骑手是兵力选择约束，非数量转移；牧工/护卫身份、现场与技能待核。","发出内容不证明送达、答复、相信、服从或后续任务完成","实际集合点名与分工，守栏覆盖保持；不把命令变成已追击或已赶牛。"
"lord-octa","initial","initial submitted frontier","/rawText","[""home""]","36","46","其余人继续北侧赶牛，","fallback","表达/请求","[]","发话者有依据，实际接触和通道/时序由规则或裁决确立。十二骑手是兵力选择约束，非数量转移；牧工/护卫身份、现场与技能待核。","发出内容不证明送达、答复、相信、服从或后续任务完成","实际集合点名与分工，守栏覆盖保持；不把命令变成已追击或已赶牛。"
"lord-octa","initial","initial submitted frontier","/rawText","[""home""]","46","56","绝不让两段围栏空着。","fallback","条件/否定/承诺约束","[]","原意完整保留，依赖的行动/证据满足后才检验其遵守情况。十二骑手是兵力选择约束，非数量转移；牧工/护卫身份、现场与技能待核。","约束文本可保存，但不是独立完成的世界工作，不计执行覆盖收益","实际集合点名与分工，守栏覆盖保持；不把命令变成已追击或已赶牛。"
"lord-travvarn","initial","initial submitted frontier","/rawText","[""ship"",""expedition"",""devers""]","0","39","命航海官与瞭望手整理当前船位、剩余淡水粮秣、风暴迹象与黑沼外海可能的避风锚地；","fallback","表达/请求","[]","发话者有依据，实际接触和通道/时序由规则或裁决确立。船位、补给、天气、锚地须报告；Devers 是独立主体，安全登陆是后续判断。","发出内容不证明送达、答复、相信、服从或后续任务完成","收到航海/瞭望报告及 Devers 答复才有判断依据，不能将征询写成登陆。"
"lord-travvarn","initial","initial submitted frontier","/rawText","[""ship"",""expedition"",""devers""]","39","70","同时让 Archon Devers 呈报值勤、武器与士兵状况，","fallback","表达/请求","[]","发话者有依据，实际接触和通道/时序由规则或裁决确立。船位、补给、天气、锚地须报告；Devers 是独立主体，安全登陆是后续判断。","发出内容不证明送达、答复、相信、服从或后续任务完成","收到航海/瞭望报告及 Devers 答复才有判断依据，不能将征询写成登陆。"
"lord-travvarn","initial","initial submitted frontier","/rawText","[""ship"",""expedition"",""devers""]","70","91","以便判断能否安全派出小艇或登陆队接触海岸。","fallback","推断/选择/规划","[]","相关证据由该主体合法获得，并保留自主判断。船位、补给、天气、锚地须报告；Devers 是独立主体，安全登陆是后续判断。","计算合法不能证明推断、意愿或外交结果正确；计划不是完成","收到航海/瞭望报告及 Devers 答复才有判断依据，不能将征询写成登陆。"
"lord-varxis","initial","initial submitted frontier","/rawText","[""home""]","0","21","召集 Camden 各矿的工头与当班领队，","fallback","召集/派遣/接触","[]","个体或执行者身份、通道、可用性、旅行/接触时序与自主响应成立。十二守卫重排需矿井班次、护送距离、风险和实际人员表，不能仅做人数算术。","群体不是心智；请求、派出、到达和执行不能相互推导","新班表有来源和不同时争用的可核验分配；宣告不能替代人员到位。"
"lord-varxis","initial","initial submitted frontier","/rawText","[""home""]","21","54","把换班板上的十二名机动守卫按矿井日照、护送距离和夜班风险重新排班；","fallback","推断/选择/规划","[]","相关证据由该主体合法获得，并保留自主判断。十二守卫重排需矿井班次、护送距离、风险和实际人员表，不能仅做人数算术。","计算合法不能证明推断、意愿或外交结果正确；计划不是完成","新班表有来源和不同时争用的可核验分配；宣告不能替代人员到位。"
"lord-varxis","initial","initial submitted frontier","/rawText","[""home""]","54","77","明晨矿车队与两座夜班矿井不能同时争用同一批人。","fallback","条件/否定/承诺约束","[]","原意完整保留，依赖的行动/证据满足后才检验其遵守情况。十二守卫重排需矿井班次、护送距离、风险和实际人员表，不能仅做人数算术。","约束文本可保存，但不是独立完成的世界工作，不计执行覆盖收益","新班表有来源和不同时争用的可核验分配；宣告不能替代人员到位。"
"master-corvin-hale","initial","initial submitted frontier","/rawText","[""company"",""city""]","0","16","我先不出面接触 Causari，","fallback","条件/否定/承诺约束","[]","原意完整保留，依赖的行动/证据满足后才检验其遵守情况。不亲自接触；两中间人并行，散布旧例和探询意愿；反馈名单属于私有证词。","约束文本可保存，但不是独立完成的世界工作，不计执行覆盖收益","两支派遣和真实接触分别留证据，实际愿意者/顾虑有来源，不替人承诺。"
"master-corvin-hale","initial","initial submitted frontier","/rawText","[""company"",""city""]","16","58","而是让 Company of Honorable Men 的两名可靠中间人分头行动：","fallback","召集/派遣/接触","[]","个体或执行者身份、通道、可用性、旅行/接触时序与自主响应成立。不亲自接触；两中间人并行，散布旧例和探询意愿；反馈名单属于私有证词。","群体不是心智；请求、派出、到达和执行不能相互推导","两支派遣和真实接触分别留证据，实际愿意者/顾虑有来源，不替人承诺。"
"master-corvin-hale","initial","initial submitted frontier","/rawText","[""company"",""city""]","58","91","一人去码头与酒馆散布“交权请愿又被地下安全当借口拖延”的具体旧例，","fallback","表达/请求","[]","发话者有依据，实际接触和通道/时序由规则或裁决确立。不亲自接触；两中间人并行，散布旧例和探询意愿；反馈名单属于私有证词。","发出内容不证明送达、答复、相信、服从或后续任务完成","两支派遣和真实接触分别留证据，实际愿意者/顾虑有来源，不替人承诺。"
"master-corvin-hale","initial","initial submitted frontier","/rawText","[""company"",""city""]","91","126","另一人去接触商贩和退役公会成员，试探他们对联合要求交权期限的接受程度。","fallback","表达/请求","[]","发话者有依据，实际接触和通道/时序由规则或裁决确立。不亲自接触；两中间人并行，散布旧例和探询意愿；反馈名单属于私有证词。","发出内容不证明送达、答复、相信、服从或后续任务完成","两支派遣和真实接触分别留证据，实际愿意者/顾虑有来源，不替人承诺。"
"master-corvin-hale","initial","initial submitted frontier","/rawText","[""company"",""city""]","126","146","我只要求他们带回愿意联名者的名单与顾虑，","fallback","表达/请求","[]","发话者有依据，实际接触和通道/时序由规则或裁决确立。不亲自接触；两中间人并行，散布旧例和探询意愿；反馈名单属于私有证词。","发出内容不证明送达、答复、相信、服从或后续任务完成","两支派遣和真实接触分别留证据，实际愿意者/顾虑有来源，不替人承诺。"
"master-corvin-hale","initial","initial submitted frontier","/rawText","[""company"",""city""]","146","156","不替任何人许诺条件。","fallback","条件/否定/承诺约束","[]","原意完整保留，依赖的行动/证据满足后才检验其遵守情况。不亲自接触；两中间人并行，散布旧例和探询意愿；反馈名单属于私有证词。","约束文本可保存，但不是独立完成的世界工作，不计执行覆盖收益","两支派遣和真实接触分别留证据，实际愿意者/顾虑有来源，不替人承诺。"
"matthew-thanes","initial","initial submitted frontier","/rawText","[""northern-road"",""company""]","0","29","我先把北路沿途的登记点、水井与最近可用接应点在心里过一遍，","fallback","推断/选择/规划","[]","相关证据由该主体合法获得，并保留自主判断。心中回顾不产生外部事实；侦察准备与本人准备不能计作已勘查。","计算合法不能证明推断、意愿或外交结果正确；计划不是完成","可记录个人回顾/备装/携物和待出发状态；前往炊烟与调查留 pending。"
"matthew-thanes","initial","initial submitted frontier","/rawText","[""northern-road"",""company""]","29","60","并让一名熟悉 Muncaester 路的斥候备好轻装与信号旗；","fallback","召集/派遣/接触","[]","个体或执行者身份、通道、可用性、旅行/接触时序与自主响应成立。心中回顾不产生外部事实；侦察准备与本人准备不能计作已勘查。","群体不是心智；请求、派出、到达和执行不能相互推导","可记录个人回顾/备装/携物和待出发状态；前往炊烟与调查留 pending。"
"matthew-thanes","initial","initial submitted frontier","/rawText","[""northern-road"",""company""]","60","71","我自己带上旅粮和绳索，","fallback","物理操作/制作","[]","具体对象、资源所有权、数量、材料与执行规则成立。心中回顾不产生外部事实；侦察准备与本人准备不能计作已勘查。","抽象库存和工具名称不能证明加固、搬运、张贴或制作已发生","可记录个人回顾/备装/携物和待出发状态；前往炊烟与调查留 pending。"
"matthew-thanes","initial","initial submitted frontier","/rawText","[""northern-road"",""company""]","71","92","准备沿最后报到点向炊烟方向做一次近距勘查。","fallback","推断/选择/规划","[]","相关证据由该主体合法获得，并保留自主判断。心中回顾不产生外部事实；侦察准备与本人准备不能计作已勘查。","计算合法不能证明推断、意愿或外交结果正确；计划不是完成","可记录个人回顾/备装/携物和待出发状态；前往炊烟与调查留 pending。"
"mayor-holbein-redleaf","initial","initial submitted frontier","/attempts/0/text","[""home-village"",""ruined-keep""]","0","26","我带上画笔与卷尺，亲自到西北田墙再看一次那些新痕迹：","fallback","移动/到场","[]","起终点、路线、移动规则、实际持续时间和接触成立。现场痕迹细节与因果判断未知；另一支询问车夫意愿，护送只是条件。","准备或提出前往不证明到达；不能用同一 placement 假定接触","观察记录和判断分离，两名车夫各自答复/护送记录；不惊民、不强迫夜探。"
"mayor-holbein-redleaf","initial","initial submitted frontier","/attempts/0/text","[""home-village"",""ruined-keep""]","26","48","量出擦痕高度、黏液干湿和与旧污迹的颜色差别，","fallback","观察/核查","[]","合法访问/感知依据、具体既存资料或已裁决的现场证据。现场痕迹细节与因果判断未知；另一支询问车夫意愿，护送只是条件。","未知细节、发现过程、比较结论不能由事实可见标签自动产生","观察记录和判断分离，两名车夫各自答复/护送记录；不惊民、不强迫夜探。"
"mayor-holbein-redleaf","initial","initial submitted frontier","/attempts/0/text","[""home-village"",""ruined-keep""]","48","61","并在田埂边画出草倒伏方向，","fallback","记录/复述","[]","原始数据、证词来源、记录载体或实际复述存在。现场痕迹细节与因果判断未知；另一支询问车夫意愿，护送只是条件。","复制不能创造被抄信息，也不能把意图或命令当作已有记录","观察记录和判断分离，两名车夫各自答复/护送记录；不惊民、不强迫夜探。"
"mayor-holbein-redleaf","initial","initial submitted frontier","/attempts/0/text","[""home-village"",""ruined-keep""]","61","78","判断那生物是穿田而过还是沿墙游走。","fallback","推断/选择/规划","[]","相关证据由该主体合法获得，并保留自主判断。现场痕迹细节与因果判断未知；另一支询问车夫意愿，护送只是条件。","计算合法不能证明推断、意愿或外交结果正确；计划不是完成","观察记录和判断分离，两名车夫各自答复/护送记录；不惊民、不强迫夜探。"
"mayor-holbein-redleaf","initial","initial submitted frontier","/attempts/0/text","[""home-village"",""ruined-keep""]","78","89","我只记录，不惊动农户。","fallback","条件/否定/承诺约束","[]","原意完整保留，依赖的行动/证据满足后才检验其遵守情况。现场痕迹细节与因果判断未知；另一支询问车夫意愿，护送只是条件。","约束文本可保存，但不是独立完成的世界工作，不计执行覆盖收益","观察记录和判断分离，两名车夫各自答复/护送记录；不惊民、不强迫夜探。"
"mayor-holbein-redleaf","initial","initial submitted frontier","/attempts/1/text","[""home-village"",""blackoak-castle""]","0","27","同时我让 constable 把两名运粮车夫请到村厅，","fallback","召集/派遣/接触","[]","个体或执行者身份、通道、可用性、旅行/接触时序与自主响应成立。现场痕迹细节与因果判断未知；另一支询问车夫意愿，护送只是条件。","群体不是心智；请求、派出、到达和执行不能相互推导","观察记录和判断分离，两名车夫各自答复/护送记录；不惊民、不强迫夜探。"
"mayor-holbein-redleaf","initial","initial submitted frontier","/attempts/1/text","[""home-village"",""blackoak-castle""]","27","56","明确问他们：若派两人持灯护送，他们愿不愿意按原定日子出发？","fallback","表达/请求","[]","发话者有依据，实际接触和通道/时序由规则或裁决确立。现场痕迹细节与因果判断未知；另一支询问车夫意愿，护送只是条件。","发出内容不证明送达、答复、相信、服从或后续任务完成","观察记录和判断分离，两名车夫各自答复/护送记录；不惊民、不强迫夜探。"
"mayor-holbein-redleaf","initial","initial submitted frontier","/attempts/1/text","[""home-village"",""blackoak-castle""]","56","75","我把护送人数、路段和返程时间逐条记下，","fallback","记录/复述","[]","原始数据、证词来源、记录载体或实际复述存在。现场痕迹细节与因果判断未知；另一支询问车夫意愿，护送只是条件。","复制不能创造被抄信息，也不能把意图或命令当作已有记录","观察记录和判断分离，两名车夫各自答复/护送记录；不惊民、不强迫夜探。"
"mayor-holbein-redleaf","initial","initial submitted frontier","/attempts/1/text","[""home-village"",""blackoak-castle""]","75","90","不强迫任何人夜间深入废堡方向。","fallback","条件/否定/承诺约束","[]","原意完整保留，依赖的行动/证据满足后才检验其遵守情况。现场痕迹细节与因果判断未知；另一支询问车夫意愿，护送只是条件。","约束文本可保存，但不是独立完成的世界工作，不计执行覆盖收益","观察记录和判断分离，两名车夫各自答复/护送记录；不惊民、不强迫夜探。"
"naomi","initial","initial submitted frontier","/rawText","[""island"",""bay""]","0","50","我先沿岛岸逐段复查最近那两处痕迹：带斧痕的登陆点、被风浪冲破而无工具的小艇，以及附近折枝与鸟群动向。","fallback","观察/核查","[]","合法访问/感知依据、具体既存资料或已裁决的现场证据。两类来客的痕迹需现场访问；盐迹、脚印和鸟群细节不由描述自动生成。","未知细节、发现过程、比较结论不能由事实可见标签自动产生","来源分组的逐项观察记录，不把不同来客或推断合并成一个事实。"
"naomi","initial","initial submitted frontier","/rawText","[""island"",""bay""]","50","69","我按枝痕新旧、盐迹和脚印方向分别记录，","fallback","记录/复述","[]","原始数据、证词来源、记录载体或实际复述存在。两类来客的痕迹需现场访问；盐迹、脚印和鸟群细节不由描述自动生成。","复制不能创造被抄信息，也不能把意图或命令当作已有记录","来源分组的逐项观察记录，不把不同来客或推断合并成一个事实。"
"naomi","initial","initial submitted frontier","/rawText","[""island"",""bay""]","69","80","不把两类来客混成一类。","fallback","条件/否定/承诺约束","[]","原意完整保留，依赖的行动/证据满足后才检验其遵守情况。两类来客的痕迹需现场访问；盐迹、脚印和鸟群细节不由描述自动生成。","约束文本可保存，但不是独立完成的世界工作，不计执行覆盖收益","来源分组的逐项观察记录，不把不同来客或推断合并成一个事实。"
"neera-dane","initial","initial submitted frontier","/rawText","[""home-village"",""ranger-families""]","0","25","我先召集 Ashdown 议会中几名还能值夜的人，","fallback","召集/派遣/接触","[]","个体或执行者身份、通道、可用性、旅行/接触时序与自主响应成立。逐户劳动力和照护负担不是一个 faction 余量；需个人/住户资料及授权。","群体不是心智；请求、派出、到达和执行不能相互推导","逐户可调人手、治疗/住宿/向导三栏均有来源，保留无法抽调者。"
"neera-dane","initial","initial submitted frontier","/rawText","[""home-village"",""ranger-families""]","25","75","把本季住户名册按户核对：谁家已有成年人随巡逻圈在外、谁还能短时护送或值夜、谁家照看老人孩子不能抽调。","fallback","观察/核查","[]","合法访问/感知依据、具体既存资料或已裁决的现场证据。逐户劳动力和照护负担不是一个 faction 余量；需个人/住户资料及授权。","未知细节、发现过程、比较结论不能由事实可见标签自动产生","逐户可调人手、治疗/住宿/向导三栏均有来源，保留无法抽调者。"
"neera-dane","initial","initial submitted frontier","/rawText","[""home-village"",""ranger-families""]","75","102","我要求他们把能提供的治疗、住宿和短期向导分成三栏写清，","fallback","表达/请求","[]","发话者有依据，实际接触和通道/时序由规则或裁决确立。逐户劳动力和照护负担不是一个 faction 余量；需个人/住户资料及授权。","发出内容不证明送达、答复、相信、服从或后续任务完成","逐户可调人手、治疗/住宿/向导三栏均有来源，保留无法抽调者。"
"neera-dane","initial","initial submitted frontier","/rawText","[""home-village"",""ranger-families""]","102","110","而不是笼统答应。","fallback","条件/否定/承诺约束","[]","原意完整保留，依赖的行动/证据满足后才检验其遵守情况。逐户劳动力和照护负担不是一个 faction 余量；需个人/住户资料及授权。","约束文本可保存，但不是独立完成的世界工作，不计执行覆盖收益","逐户可调人手、治疗/住宿/向导三栏均有来源，保留无法抽调者。"
"player","initial","initial submitted frontier","/attempts/0/text","[""harbor""]","0","21","我先在港区找一处能避风的屋檐或客栈登记处，","fallback","移动/到场","[]","起终点、路线、移动规则、实际持续时间和接触成立。这是自治 Agent player，不是外部玩家 harbor-wayfarer-1；住宿与港区情报两线并行且未绑定受话者。","准备或提出前往不证明到达；不能用同一 placement 假定接触","分别收到价格/床位信息及三问证词；不预付，保留未确定安全性与后续接触选择。"
"player","initial","initial submitted frontier","/attempts/0/text","[""harbor""]","21","35","问清价格和今夜是否还有床位；","fallback","表达/请求","[]","发话者有依据，实际接触和通道/时序由规则或裁决确立。这是自治 Agent player，不是外部玩家 harbor-wayfarer-1；住宿与港区情报两线并行且未绑定受话者。","发出内容不证明送达、答复、相信、服从或后续任务完成","分别收到价格/床位信息及三问证词；不预付，保留未确定安全性与后续接触选择。"
"player","initial","initial submitted frontier","/attempts/0/text","[""harbor""]","35","52","风暴将至，先确保落脚点，再谈其他。","fallback","推断/选择/规划","[]","相关证据由该主体合法获得，并保留自主判断。这是自治 Agent player，不是外部玩家 harbor-wayfarer-1；住宿与港区情报两线并行且未绑定受话者。","计算合法不能证明推断、意愿或外交结果正确；计划不是完成","分别收到价格/床位信息及三问证词；不预付，保留未确定安全性与后续接触选择。"
"player","initial","initial submitted frontier","/attempts/0/text","[""harbor""]","52","65","我只打听，不预付整周的钱。","fallback","条件/否定/承诺约束","[]","原意完整保留，依赖的行动/证据满足后才检验其遵守情况。这是自治 Agent player，不是外部玩家 harbor-wayfarer-1；住宿与港区情报两线并行且未绑定受话者。","约束文本可保存，但不是独立完成的世界工作，不计执行覆盖收益","分别收到价格/床位信息及三问证词；不预付，保留未确定安全性与后续接触选择。"
"player","initial","initial submitted frontier","/attempts/1/text","[""harbor"",""castle""]","0","54","与此同时，我向港工或领航人问三件事：哪条街是本地势力常出入的、最近城外道路是否安全、港区里谁的消息比较可靠。","fallback","表达/请求","[]","发话者有依据，实际接触和通道/时序由规则或裁决确立。这是自治 Agent player，不是外部玩家 harbor-wayfarer-1；住宿与港区情报两线并行且未绑定受话者。","发出内容不证明送达、答复、相信、服从或后续任务完成","分别收到价格/床位信息及三问证词；不预付，保留未确定安全性与后续接触选择。"
"player","initial","initial submitted frontier","/attempts/1/text","[""harbor"",""castle""]","54","68","我留意他们的迟疑和指路方向，","fallback","观察/核查","[]","合法访问/感知依据、具体既存资料或已裁决的现场证据。这是自治 Agent player，不是外部玩家 harbor-wayfarer-1；住宿与港区情报两线并行且未绑定受话者。","未知细节、发现过程、比较结论不能由事实可见标签自动产生","分别收到价格/床位信息及三问证词；不预付，保留未确定安全性与后续接触选择。"
"player","initial","initial submitted frontier","/attempts/1/text","[""harbor"",""castle""]","68","76","再决定先接触谁。","fallback","推断/选择/规划","[]","相关证据由该主体合法获得，并保留自主判断。这是自治 Agent player，不是外部玩家 harbor-wayfarer-1；住宿与港区情报两线并行且未绑定受话者。","计算合法不能证明推断、意愿或外交结果正确；计划不是完成","分别收到价格/床位信息及三问证词；不预付，保留未确定安全性与后续接触选择。"
"rinisar-anothil","initial","initial submitted frontier","/rawText","[""field-cell"",""field-camp""]","0","22","我先在营地召集诱饵、警戒和断后三组的负责人，","fallback","召集/派遣/接触","[]","个体或执行者身份、通道、可用性、旅行/接触时序与自主响应成立。三组负责人各有私有报告；风向、岔路与诱饵是待核实情况。","群体不是心智；请求、派出、到达和执行不能相互推导","逐组失败点和缺口有来源；不得共享全盘计划或把堵路请求变成已封路。"
"rinisar-anothil","initial","initial submitted frontier","/rawText","[""field-cell"",""field-camp""]","22","71","逐项核对他们各自报告的失败点：诱饵是否够稳、狭口风向是否还合、那条会把追击引回营地的岔路能否封住。","fallback","观察/核查","[]","合法访问/感知依据、具体既存资料或已裁决的现场证据。三组负责人各有私有报告；风向、岔路与诱饵是待核实情况。","未知细节、发现过程、比较结论不能由事实可见标签自动产生","逐组失败点和缺口有来源；不得共享全盘计划或把堵路请求变成已封路。"
"rinisar-anothil","initial","initial submitted frontier","/rawText","[""field-cell"",""field-camp""]","71","92","我要求他们只报事实与缺口，不交换全盘计划。","fallback","表达/请求","[]","发话者有依据，实际接触和通道/时序由规则或裁决确立。三组负责人各有私有报告；风向、岔路与诱饵是待核实情况。","发出内容不证明送达、答复、相信、服从或后续任务完成","逐组失败点和缺口有来源；不得共享全盘计划或把堵路请求变成已封路。"
"sapphire-enchantress","initial","initial submitted frontier","/rawText","[""shell-island"",""hall""]","0","30","我先把月贝岛最近的采集、满月转化与实际交付记录分开重抄一遍，","fallback","记录/复述","[]","原始数据、证词来源、记录载体或实际复述存在。当前记录的批次日期、数量和经手人未自动由 Viz 总量产生；比较对象也需证据。","复制不能创造被抄信息，也不能把意图或命令当作已有记录","按实际原记录重抄和标注；缺项明确无证据，不制造历史批次。"
"sapphire-enchantress","initial","initial submitted frontier","/rawText","[""shell-island"",""hall""]","30","46","标注每一批的日期、数量与经手人；","fallback","记录/复述","[]","原始数据、证词来源、记录载体或实际复述存在。当前记录的批次日期、数量和经手人未自动由 Viz 总量产生；比较对象也需证据。","复制不能创造被抄信息，也不能把意图或命令当作已有记录","按实际原记录重抄和标注；缺项明确无证据，不制造历史批次。"
"sapphire-enchantress","initial","initial submitted frontier","/rawText","[""shell-island"",""hall""]","46","65","凡记录中缺项或无法与陨山作比较的地方，","fallback","条件/否定/承诺约束","[]","原意完整保留，依赖的行动/证据满足后才检验其遵守情况。当前记录的批次日期、数量和经手人未自动由 Viz 总量产生；比较对象也需证据。","约束文本可保存，但不是独立完成的世界工作，不计执行覆盖收益","按实际原记录重抄和标注；缺项明确无证据，不制造历史批次。"
"sapphire-enchantress","initial","initial submitted frontier","/rawText","[""shell-island"",""hall""]","65","77","我留空并写明“无证据”，","fallback","条件/否定/承诺约束","[]","原意完整保留，依赖的行动/证据满足后才检验其遵守情况。当前记录的批次日期、数量和经手人未自动由 Viz 总量产生；比较对象也需证据。","约束文本可保存，但不是独立完成的世界工作，不计执行覆盖收益","按实际原记录重抄和标注；缺项明确无证据，不制造历史批次。"
"sapphire-enchantress","initial","initial submitted frontier","/rawText","[""shell-island"",""hall""]","77","83","不补上猜想。","fallback","条件/否定/承诺约束","[]","原意完整保留，依赖的行动/证据满足后才检验其遵守情况。当前记录的批次日期、数量和经手人未自动由 Viz 总量产生；比较对象也需证据。","约束文本可保存，但不是独立完成的世界工作，不计执行覆盖收益","按实际原记录重抄和标注；缺项明确无证据，不制造历史批次。"
"scytheback","initial","initial submitted frontier","/rawText","[""last-trail"",""self""]","0","24","沿失踪子代最后一次可确认的西北飞行路线低空巡猎，","fallback","移动/到场","[]","起终点、路线、移动规则、实际持续时间和接触成立。低空巡猎路线、途中感知和失踪子代痕迹须裁决，线索不等于结论。","准备或提出前往不证明到达；不能用同一 placement 假定接触","实际移动/观察记录，保留线索等级和猎路私密性。"
"scytheback","initial","initial submitted frontier","/rawText","[""last-trail"",""self""]","24","49","仔细观察岩面刮痕、焦痕、脱落的鳞片与被啃食的骸骨，","fallback","观察/核查","[]","合法访问/感知依据、具体既存资料或已裁决的现场证据。低空巡猎路线、途中感知和失踪子代痕迹须裁决，线索不等于结论。","未知细节、发现过程、比较结论不能由事实可见标签自动产生","实际移动/观察记录，保留线索等级和猎路私密性。"
"scytheback","initial","initial submitted frontier","/rawText","[""last-trail"",""self""]","49","64","任何一处都先当作线索而非结论，","fallback","条件/否定/承诺约束","[]","原意完整保留，依赖的行动/证据满足后才检验其遵守情况。低空巡猎路线、途中感知和失踪子代痕迹须裁决，线索不等于结论。","约束文本可保存，但不是独立完成的世界工作，不计执行覆盖收益","实际移动/观察记录，保留线索等级和猎路私密性。"
"scytheback","initial","initial submitted frontier","/rawText","[""last-trail"",""self""]","64","76","不向任何人泄露猎路细节。","fallback","条件/否定/承诺约束","[]","原意完整保留，依赖的行动/证据满足后才检验其遵守情况。低空巡猎路线、途中感知和失踪子代痕迹须裁决，线索不等于结论。","约束文本可保存，但不是独立完成的世界工作，不计执行覆盖收益","实际移动/观察记录，保留线索等级和猎路私密性。"
"sheriff-barris-ironoak","initial","initial submitted frontier","/attempts/0/text","[""market-town"",""constable-watch""]","0","27","带两名亲信 constable 巡查北侧装货巷与酒摊，","fallback","观察/核查","[]","合法访问/感知依据、具体既存资料或已裁决的现场证据。巡查/疏散与私下约谈两支；constable 个体、报价证词、现场堵点均须证据。","未知细节、发现过程、比较结论不能由事实可见标签自动产生","独立记录现场/清理进度与两份私密陈述；暂不抓捕、不公开调查。"
"sheriff-barris-ironoak","initial","initial submitted frontier","/attempts/0/text","[""market-town"",""constable-watch""]","27","40","记录堵点、车流与轮值缺口，","fallback","记录/复述","[]","原始数据、证词来源、记录载体或实际复述存在。巡查/疏散与私下约谈两支；constable 个体、报价证词、现场堵点均须证据。","复制不能创造被抄信息，也不能把意图或命令当作已有记录","独立记录现场/清理进度与两份私密陈述；暂不抓捕、不公开调查。"
"sheriff-barris-ironoak","initial","initial submitted frontier","/attempts/0/text","[""market-town"",""constable-watch""]","40","60","命令清理唯一的横向疏散口并划定人货通道，","fallback","表达/请求","[]","发话者有依据，实际接触和通道/时序由规则或裁决确立。巡查/疏散与私下约谈两支；constable 个体、报价证词、现场堵点均须证据。","发出内容不证明送达、答复、相信、服从或后续任务完成","独立记录现场/清理进度与两份私密陈述；暂不抓捕、不公开调查。"
"sheriff-barris-ironoak","initial","initial submitted frontier","/attempts/0/text","[""market-town"",""constable-watch""]","60","76","暂不抓捕任何人，只保留现场记录。","fallback","条件/否定/承诺约束","[]","原意完整保留，依赖的行动/证据满足后才检验其遵守情况。巡查/疏散与私下约谈两支；constable 个体、报价证词、现场堵点均须证据。","约束文本可保存，但不是独立完成的世界工作，不计执行覆盖收益","独立记录现场/清理进度与两份私密陈述；暂不抓捕、不公开调查。"
"sheriff-barris-ironoak","initial","initial submitted frontier","/attempts/1/text","[""constable-watch""]","0","26","分别约谈那两名报告过私下出价的 constable，","fallback","召集/派遣/接触","[]","个体或执行者身份、通道、可用性、旅行/接触时序与自主响应成立。巡查/疏散与私下约谈两支；constable 个体、报价证词、现场堵点均须证据。","群体不是心智；请求、派出、到达和执行不能相互推导","独立记录现场/清理进度与两份私密陈述；暂不抓捕、不公开调查。"
"sheriff-barris-ironoak","initial","initial submitted frontier","/attempts/1/text","[""constable-watch""]","26","46","要求他们写清商号、时间、地点和传递手段，","fallback","表达/请求","[]","发话者有依据，实际接触和通道/时序由规则或裁决确立。巡查/疏散与私下约谈两支；constable 个体、报价证词、现场堵点均须证据。","发出内容不证明送达、答复、相信、服从或后续任务完成","独立记录现场/清理进度与两份私密陈述；暂不抓捕、不公开调查。"
"sheriff-barris-ironoak","initial","initial submitted frontier","/attempts/1/text","[""constable-watch""]","46","60","承诺记录会保密但必须可复核，","fallback","表达/请求","[]","发话者有依据，实际接触和通道/时序由规则或裁决确立。巡查/疏散与私下约谈两支；constable 个体、报价证词、现场堵点均须证据。","发出内容不证明送达、答复、相信、服从或后续任务完成","独立记录现场/清理进度与两份私密陈述；暂不抓捕、不公开调查。"
"sheriff-barris-ironoak","initial","initial submitted frontier","/attempts/1/text","[""constable-watch""]","60","81","暂不动用公开调查以免惊动可能协调出价的人。","fallback","条件/否定/承诺约束","[]","原意完整保留，依赖的行动/证据满足后才检验其遵守情况。巡查/疏散与私下约谈两支；constable 个体、报价证词、现场堵点均须证据。","约束文本可保存，但不是独立完成的世界工作，不计执行覆盖收益","独立记录现场/清理进度与两份私密陈述；暂不抓捕、不公开调查。"
"sigrun-the-boneless","initial","initial submitted frontier","/rawText","[""column""]","0","26","在纵队接近 Blackoak 前召集两名队长和骨干，","fallback","召集/派遣/接触","[]","个体或执行者身份、通道、可用性、旅行/接触时序与自主响应成立。接近 Blackoak 是前提，队长和骨干须参与；纪律不代表已经执行。","群体不是心智；请求、派出、到达和执行不能相互推导","实际召集和规则传达，掠夺/伤员分工保留条件，不直接写群体一致。"
"sigrun-the-boneless","initial","initial submitted frontier","/rawText","[""column""]","26","39","重申接战前纪律与撤退顺序，","fallback","表达/请求","[]","发话者有依据，实际接触和通道/时序由规则或裁决确立。接近 Blackoak 是前提，队长和骨干须参与；纪律不代表已经执行。","发出内容不证明送达、答复、相信、服从或后续任务完成","实际召集和规则传达，掠夺/伤员分工保留条件，不直接写群体一致。"
"sigrun-the-boneless","initial","initial submitted frontier","/rawText","[""column""]","39","63","明确谁在什么条件下可以抢掠、谁必须留下看守伤员，","fallback","表达/请求","[]","发话者有依据，实际接触和通道/时序由规则或裁决确立。接近 Blackoak 是前提，队长和骨干须参与；纪律不代表已经执行。","发出内容不证明送达、答复、相信、服从或后续任务完成","实际召集和规则传达，掠夺/伤员分工保留条件，不直接写群体一致。"
"sigrun-the-boneless","initial","initial submitted frontier","/rawText","[""column""]","63","84","防止纵队自行分裂成抢掠派、谈判派和逃亡者。","fallback","条件/否定/承诺约束","[]","原意完整保留，依赖的行动/证据满足后才检验其遵守情况。接近 Blackoak 是前提，队长和骨干须参与；纪律不代表已经执行。","约束文本可保存，但不是独立完成的世界工作，不计执行覆盖收益","实际召集和规则传达，掠夺/伤员分工保留条件，不直接写群体一致。"
"sir-autse-darkheart","initial","initial submitted frontier","/attempts/0/text","[""conclave"",""undead-host""]","0","18","以旧军令格式下令亡灵驻军按口令轮换：","fallback","表达/请求","[]","发话者有依据，实际接触和通道/时序由规则或裁决确立。亡灵执行口令、魔法签名、旧印记和封印效力属于未覆盖语义；两支不能合并。","发出内容不证明送达、答复、相信、服从或后续任务完成","命令、施工/巡查、异常记录及凭证质询分开；未验证不得入遗址。"
"sir-autse-darkheart","initial","initial submitted frontier","/attempts/0/text","[""conclave"",""undead-host""]","18","30","加固结社遗址的湖崖坡道、","fallback","表达/请求","[]","发话者有依据，实际接触和通道/时序由规则或裁决确立。亡灵执行口令、魔法签名、旧印记和封印效力属于未覆盖语义；两支不能合并。","发出内容不证明送达、答复、相信、服从或后续任务完成","命令、施工/巡查、异常记录及凭证质询分开；未验证不得入遗址。"
"sir-autse-darkheart","initial","initial submitted frontier","/attempts/0/text","[""conclave"",""undead-host""]","30","41","检查旧印记与封印位置，","fallback","表达/请求","[]","发话者有依据，实际接触和通道/时序由规则或裁决确立。亡灵执行口令、魔法签名、旧印记和封印效力属于未覆盖语义；两支不能合并。","发出内容不证明送达、答复、相信、服从或后续任务完成","命令、施工/巡查、异常记录及凭证质询分开；未验证不得入遗址。"
"sir-autse-darkheart","initial","initial submitted frontier","/attempts/0/text","[""conclave"",""undead-host""]","41","53","巡逻不得越过可信防御线，","fallback","条件/否定/承诺约束","[]","原意完整保留，依赖的行动/证据满足后才检验其遵守情况。亡灵执行口令、魔法签名、旧印记和封印效力属于未覆盖语义；两支不能合并。","约束文本可保存，但不是独立完成的世界工作，不计执行覆盖收益","命令、施工/巡查、异常记录及凭证质询分开；未验证不得入遗址。"
"sir-autse-darkheart","initial","initial submitted frontier","/attempts/0/text","[""conclave"",""undead-host""]","53","63","并逐条记录夜间异常。","fallback","记录/复述","[]","原始数据、证词来源、记录载体或实际复述存在。亡灵执行口令、魔法签名、旧印记和封印效力属于未覆盖语义；两支不能合并。","复制不能创造被抄信息，也不能把意图或命令当作已有记录","命令、施工/巡查、异常记录及凭证质询分开；未验证不得入遗址。"
"sir-autse-darkheart","initial","initial submitted frontier","/attempts/1/text","[""jorvik-network"",""warlock-coven""]","0","45","向最近出没的 Jorvik 与 Warlock Island 信使或小股人员发出正式质询，","fallback","表达/请求","[]","发话者有依据，实际接触和通道/时序由规则或裁决确立。亡灵执行口令、魔法签名、旧印记和封印效力属于未覆盖语义；两支不能合并。","发出内容不证明送达、答复、相信、服从或后续任务完成","命令、施工/巡查、异常记录及凭证质询分开；未验证不得入遗址。"
"sir-autse-darkheart","initial","initial submitted frontier","/attempts/1/text","[""jorvik-network"",""warlock-coven""]","45","73","要求他们出示能同时通过旧印记、魔法签名和连续口令的凭证；","fallback","表达/请求","[]","发话者有依据，实际接触和通道/时序由规则或裁决确立。亡灵执行口令、魔法签名、旧印记和封印效力属于未覆盖语义；两支不能合并。","发出内容不证明送达、答复、相信、服从或后续任务完成","命令、施工/巡查、异常记录及凭证质询分开；未验证不得入遗址。"
"sir-autse-darkheart","initial","initial submitted frontier","/attempts/1/text","[""jorvik-network"",""warlock-coven""]","73","95","没有凭证者只能作为外来传言对待，不得进遗址。","fallback","条件/否定/承诺约束","[]","原意完整保留，依赖的行动/证据满足后才检验其遵守情况。亡灵执行口令、魔法签名、旧印记和封印效力属于未覆盖语义；两支不能合并。","约束文本可保存，但不是独立完成的世界工作，不计执行覆盖收益","命令、施工/巡查、异常记录及凭证质询分开；未验证不得入遗址。"
"sir-causari","initial","initial submitted frontier","/rawText","[""governor"",""city""]","0","21","把三份请愿答复整理成一份公开的过渡备忘录，","fallback","记录/复述","[]","原始数据、证词来源、记录载体或实际复述存在。三份请愿答复需原文；公开备忘录的递交和收件人回应分别成立。","复制不能创造被抄信息，也不能把意图或命令当作已有记录","合并文本/实际递交/请求条件/职责声明分别留证据，不能把要求当已协定。"
"sir-causari","initial","initial submitted frontier","/rawText","[""governor"",""city""]","21","33","向总督办公厅与议会递交，","fallback","召集/派遣/接触","[]","个体或执行者身份、通道、可用性、旅行/接触时序与自主响应成立。三份请愿答复需原文；公开备忘录的递交和收件人回应分别成立。","群体不是心智；请求、派出、到达和执行不能相互推导","合并文本/实际递交/请求条件/职责声明分别留证据，不能把要求当已协定。"
"sir-causari","initial","initial submitted frontier","/rawText","[""governor"",""city""]","33","70","要求写明自治过渡的每一项安全指标、完成期限、共同监管人和失败时的处置条件，","fallback","表达/请求","[]","发话者有依据，实际接触和通道/时序由规则或裁决确立。三份请愿答复需原文；公开备忘录的递交和收件人回应分别成立。","发出内容不证明送达、答复、相信、服从或后续任务完成","合并文本/实际递交/请求条件/职责声明分别留证据，不能把要求当已协定。"
"sir-causari","initial","initial submitted frontier","/rawText","[""governor"",""city""]","70","84","并声明守军职责不因谈判改变。","fallback","表达/请求","[]","发话者有依据，实际接触和通道/时序由规则或裁决确立。三份请愿答复需原文；公开备忘录的递交和收件人回应分别成立。","发出内容不证明送达、答复、相信、服从或后续任务完成","合并文本/实际递交/请求条件/职责声明分别留证据，不能把要求当已协定。"
"sir-dennis-langre","initial","initial submitted frontier","/rawText","[""fortress"",""command"",""hill-giants""]","0","19","按本堡巡逻与商队证词安排一次独立侦察：","fallback","召集/派遣/接触","[]","个体或执行者身份、通道、可用性、旅行/接触时序与自主响应成立。独立侦察需人员路线；足迹/时间/损失及 Maracan 独立性均是调查对象。","群体不是心智；请求、派出、到达和执行不能相互推导","记录派遣与三户观察、每条来源独立性；不因单次报告调兵。"
"sir-dennis-langre","initial","initial submitted frontier","/rawText","[""fortress"",""command"",""hill-giants""]","19","52","沿 Westwall 北侧山麓核对三户农场的足迹方向、时间与损失，","fallback","观察/核查","[]","合法访问/感知依据、具体既存资料或已裁决的现场证据。独立侦察需人员路线；足迹/时间/损失及 Maracan 独立性均是调查对象。","未知细节、发现过程、比较结论不能由事实可见标签自动产生","记录派遣与三户观察、每条来源独立性；不因单次报告调兵。"
"sir-dennis-langre","initial","initial submitted frontier","/rawText","[""fortress"",""command"",""hill-giants""]","52","75","同时记录每一条情报是否独立于 Maracan，","fallback","记录/复述","[]","原始数据、证词来源、记录载体或实际复述存在。独立侦察需人员路线；足迹/时间/损失及 Maracan 独立性均是调查对象。","复制不能创造被抄信息，也不能把意图或命令当作已有记录","记录派遣与三户观察、每条来源独立性；不因单次报告调兵。"
"sir-dennis-langre","initial","initial submitted frontier","/rawText","[""fortress"",""command"",""hill-giants""]","75","87","暂不因单次报告调动驻军。","fallback","条件/否定/承诺约束","[]","原意完整保留，依赖的行动/证据满足后才检验其遵守情况。独立侦察需人员路线；足迹/时间/损失及 Maracan 独立性均是调查对象。","约束文本可保存，但不是独立完成的世界工作，不计执行覆盖收益","记录派遣与三户观察、每条来源独立性；不因单次报告调兵。"
"thil-the-cowled","initial","initial submitted frontier","/rawText","[""emporium"",""self""]","0","33","在商店与学徒一起核对近日入货、估价记录和地下商人询问的黑色金属器，","fallback","观察/核查","[]","合法访问/感知依据、具体既存资料或已裁决的现场证据。学徒独立在场、货物/估价细项和私人标记未由店铺描述穷举。","未知细节、发现过程、比较结论不能由事实可见标签自动产生","有来源的逐件核对及识别结果，不能向买家泄露。"
"thil-the-cowled","initial","initial submitted frontier","/rawText","[""emporium"",""self""]","33","62","逐件比对是否带有 Atacyl 私人记号或非常规封存方式，","fallback","观察/核查","[]","合法访问/感知依据、具体既存资料或已裁决的现场证据。学徒独立在场、货物/估价细项和私人标记未由店铺描述穷举。","未知细节、发现过程、比较结论不能由事实可见标签自动产生","有来源的逐件核对及识别结果，不能向买家泄露。"
"thil-the-cowled","initial","initial submitted frontier","/rawText","[""emporium"",""self""]","62","73","不向买家公开识别结果。","fallback","条件/否定/承诺约束","[]","原意完整保留，依赖的行动/证据满足后才检验其遵守情况。学徒独立在场、货物/估价细项和私人标记未由店铺描述穷举。","约束文本可保存，但不是独立完成的世界工作，不计执行覆盖收益","有来源的逐件核对及识别结果，不能向买家泄露。"
"wizard-of-the-isle","initial","initial submitted frontier","/rawText","[""mountain""]","0","42","沿 Mountain That Fell 的岸线与常见登陆点做一次长期观测例行巡查，","fallback","观察/核查","[]","合法访问/感知依据、具体既存资料或已裁决的现场证据。长期巡查不是瞬时公开事实读取；新船痕、营火、Viz 变化及模式须证据。","未知细节、发现过程、比较结论不能由事实可见标签自动产生","记录实际巡查进度、观察与比较；隐蔽登陆点不对外传播。"
"wizard-of-the-isle","initial","initial submitted frontier","/rawText","[""mountain""]","42","62","记录新的船痕、营火与 Viz 脉动变化，","fallback","记录/复述","[]","原始数据、证词来源、记录载体或实际复述存在。长期巡查不是瞬时公开事实读取；新船痕、营火、Viz 变化及模式须证据。","复制不能创造被抄信息，也不能把意图或命令当作已有记录","记录实际巡查进度、观察与比较；隐蔽登陆点不对外传播。"
"wizard-of-the-isle","initial","initial submitted frontier","/rawText","[""mountain""]","62","83","核对是否与此前采掘扰动后的异常模式相吻合，","fallback","推断/选择/规划","[]","相关证据由该主体合法获得，并保留自主判断。长期巡查不是瞬时公开事实读取；新船痕、营火、Viz 变化及模式须证据。","计算合法不能证明推断、意愿或外交结果正确；计划不是完成","记录实际巡查进度、观察与比较；隐蔽登陆点不对外传播。"
"wizard-of-the-isle","initial","initial submitted frontier","/rawText","[""mountain""]","83","95","不向外人透露隐蔽登陆点。","fallback","条件/否定/承诺约束","[]","原意完整保留，依赖的行动/证据满足后才检验其遵守情况。长期巡查不是瞬时公开事实读取；新船痕、营火、Viz 变化及模式须证据。","约束文本可保存，但不是独立完成的世界工作，不计执行覆盖收益","记录实际巡查进度、观察与比较；隐蔽登陆点不对外传播。"
"archon-devers","reaction","reaction replacement frontier","/rawText","[""travvarn"",""crew"",""expedition""]","0","23","立即应召前往 Lord Travvarn 处，","fallback","移动/到场","[]","起终点、路线、移动规则、实际持续时间和接触成立。应召后仍需移动/接触；报告来自自身知识，不是 canonical 全知；新的命令须 Travvarn 作答。","准备或提出前往不证明到达；不能用同一 placement 假定接触","移动、实报、请求和留档分别有依据；不能用反应文本证明任务完成。"
"archon-devers","reaction","reaction replacement frontier","/rawText","[""travvarn"",""crew"",""expedition""]","23","61","呈报过去一昼夜的值勤、武器与士兵状况：秩序尚可，但疲劳导致的轻微违纪在增加；","fallback","表达/请求","[]","发话者有依据，实际接触和通道/时序由规则或裁决确立。应召后仍需移动/接触；报告来自自身知识，不是 canonical 全知；新的命令须 Travvarn 作答。","发出内容不证明送达、答复、相信、服从或后续任务完成","移动、实报、请求和留档分别有依据；不能用反应文本证明任务完成。"
"archon-devers","reaction","reaction replacement frontier","/rawText","[""travvarn"",""crew"",""expedition""]","61","91","并当场请求他说明此番整理船位、淡水粮秣与避风锚地的具体命令，","fallback","表达/请求","[]","发话者有依据，实际接触和通道/时序由规则或裁决确立。应召后仍需移动/接触；报告来自自身知识，不是 canonical 全知；新的命令须 Travvarn 作答。","发出内容不证明送达、答复、相信、服从或后续任务完成","移动、实报、请求和留档分别有依据；不能用反应文本证明任务完成。"
"archon-devers","reaction","reaction replacement frontier","/rawText","[""travvarn"",""crew"",""expedition""]","91","110","以便我将其与记录册和共同使命对照留档。","fallback","记录/复述","[]","原始数据、证词来源、记录载体或实际复述存在。应召后仍需移动/接触；报告来自自身知识，不是 canonical 全知；新的命令须 Travvarn 作答。","复制不能创造被抄信息，也不能把意图或命令当作已有记录","移动、实报、请求和留档分别有依据；不能用反应文本证明任务完成。"
"lady-aerindel","reaction","reaction replacement frontier","/rawText","[""king"",""falls"",""ranger-captain""]","0","48","随 Nilal 到西塔与军需官核对瀑布 Viz 产出、守卫轮换和 Ranger 支援请求的缺口；","fallback","观察/核查","[]","合法访问/感知依据、具体既存资料或已裁决的现场证据。与 Nilal/军需官共同核账需接触与账目；余量、预警需求和支援分配仍未决。","未知细节、发现过程、比较结论不能由事实可见标签自动产生","共同核对、分批清单和保留预警缺口的约束分别有证据。"
"lady-aerindel","reaction","reaction replacement frontier","/rawText","[""king"",""falls"",""ranger-captain""]","48","65","以剩余余量为基础排出分批支援清单，","fallback","推断/选择/规划","[]","相关证据由该主体合法获得，并保留自主判断。与 Nilal/军需官共同核账需接触与账目；余量、预警需求和支援分配仍未决。","计算合法不能证明推断、意愿或外交结果正确；计划不是完成","共同核对、分批清单和保留预警缺口的约束分别有证据。"
"lady-aerindel","reaction","reaction replacement frontier","/rawText","[""king"",""falls"",""ranger-captain""]","65","95","同时标出哪些缺口须留给 Ranger 预警网而非一次性耗尽。","fallback","记录/复述","[]","原始数据、证词来源、记录载体或实际复述存在。与 Nilal/军需官共同核账需接触与账目；余量、预警需求和支援分配仍未决。","复制不能创造被抄信息，也不能把意图或命令当作已有记录","共同核对、分批清单和保留预警缺口的约束分别有证据。"
"sheriff-barris-ironoak","reaction","reaction replacement frontier","/rawText","[""ealdorman"",""market-town"",""constable-watch"",""merchant-camp""]","0","109","Ealdorman Paddock Ryburn 当面交办：把本周三家大买家的报价、交割条件与在场证人整理成公开记录，并在市场张贴告示，说明下轮竞价按同一公开程序进行，任何私下雇用 constable 的请求一律拒绝。","fallback","记录/复述","[]","原始数据、证词来源、记录载体或实际复述存在。首句是已收到交办的反应来源，不是新公告；三家报价和证人姓名不能从命令制造。","复制不能创造被抄信息，也不能把意图或命令当作已有记录","取工具/编记录、召集、复述、指定张贴者与记录私雇分别留进度；暂不抓捕封贸。"
"sheriff-barris-ironoak","reaction","reaction replacement frontier","/rawText","[""ealdorman"",""market-town"",""constable-watch"",""merchant-camp""]","109","115","我先取纸笔，","fallback","物理操作/制作","[]","具体对象、资源所有权、数量、材料与执行规则成立。首句是已收到交办的反应来源，不是新公告；三家报价和证人姓名不能从命令制造。","抽象库存和工具名称不能证明加固、搬运、张贴或制作已发生","取工具/编记录、召集、复述、指定张贴者与记录私雇分别留进度；暂不抓捕封贸。"
"sheriff-barris-ironoak","reaction","reaction replacement frontier","/rawText","[""ealdorman"",""market-town"",""constable-watch"",""merchant-camp""]","115","129","逐项列出三家报价与证人姓名，","fallback","记录/复述","[]","原始数据、证词来源、记录载体或实际复述存在。首句是已收到交办的反应来源，不是新公告；三家报价和证人姓名不能从命令制造。","复制不能创造被抄信息，也不能把意图或命令当作已有记录","取工具/编记录、召集、复述、指定张贴者与记录私雇分别留进度；暂不抓捕封贸。"
"sheriff-barris-ironoak","reaction","reaction replacement frontier","/rawText","[""ealdorman"",""market-town"",""constable-watch"",""merchant-camp""]","129","143","注明每一条的来源和记录时间；","fallback","记录/复述","[]","原始数据、证词来源、记录载体或实际复述存在。首句是已收到交办的反应来源，不是新公告；三家报价和证人姓名不能从命令制造。","复制不能创造被抄信息，也不能把意图或命令当作已有记录","取工具/编记录、召集、复述、指定张贴者与记录私雇分别留进度；暂不抓捕封贸。"
"sheriff-barris-ironoak","reaction","reaction replacement frontier","/rawText","[""ealdorman"",""market-town"",""constable-watch"",""merchant-camp""]","143","164","随后召集当日轮值的 constables，","fallback","召集/派遣/接触","[]","个体或执行者身份、通道、可用性、旅行/接触时序与自主响应成立。首句是已收到交办的反应来源，不是新公告；三家报价和证人姓名不能从命令制造。","群体不是心智；请求、派出、到达和执行不能相互推导","取工具/编记录、召集、复述、指定张贴者与记录私雇分别留进度；暂不抓捕封贸。"
"sheriff-barris-ironoak","reaction","reaction replacement frontier","/rawText","[""ealdorman"",""market-town"",""constable-watch"",""merchant-camp""]","164","176","把这份公开程序复述一遍，","fallback","表达/请求","[]","发话者有依据，实际接触和通道/时序由规则或裁决确立。首句是已收到交办的反应来源，不是新公告；三家报价和证人姓名不能从命令制造。","发出内容不证明送达、答复、相信、服从或后续任务完成","取工具/编记录、召集、复述、指定张贴者与记录私雇分别留进度；暂不抓捕封贸。"
"sheriff-barris-ironoak","reaction","reaction replacement frontier","/rawText","[""ealdorman"",""market-town"",""constable-watch"",""merchant-camp""]","176","196","并当面指定告示张贴地点与当众宣读的人选，","fallback","表达/请求","[]","发话者有依据，实际接触和通道/时序由规则或裁决确立。首句是已收到交办的反应来源，不是新公告；三家报价和证人姓名不能从命令制造。","发出内容不证明送达、答复、相信、服从或后续任务完成","取工具/编记录、召集、复述、指定张贴者与记录私雇分别留进度；暂不抓捕封贸。"
"sheriff-barris-ironoak","reaction","reaction replacement frontier","/rawText","[""ealdorman"",""market-town"",""constable-watch"",""merchant-camp""]","196","225","要求他们记录任何仍试图私下出价的人、时间、地点和传递手段，","fallback","表达/请求","[]","发话者有依据，实际接触和通道/时序由规则或裁决确立。首句是已收到交办的反应来源，不是新公告；三家报价和证人姓名不能从命令制造。","发出内容不证明送达、答复、相信、服从或后续任务完成","取工具/编记录、召集、复述、指定张贴者与记录私雇分别留进度；暂不抓捕封贸。"
"sheriff-barris-ironoak","reaction","reaction replacement frontier","/rawText","[""ealdorman"",""market-town"",""constable-watch"",""merchant-camp""]","225","237","但暂不抓捕、不封锁贸易。","fallback","条件/否定/承诺约束","[]","原意完整保留，依赖的行动/证据满足后才检验其遵守情况。首句是已收到交办的反应来源，不是新公告；三家报价和证人姓名不能从命令制造。","约束文本可保存，但不是独立完成的世界工作，不计执行覆盖收益","取工具/编记录、召集、复述、指定张贴者与记录私雇分别留进度；暂不抓捕封贸。"
